run_id,original_path,terrain_name,terrain_height_cm,contact_timing_bias_s,repeat_idx,startup_valid,late_stabilization,secondary_label,start_z,end_z,delta_z,forward_progress,duration_executed,success,task_completion_success,filter_pass,exclusion_reason
20260411_003925_ocs2_stepdown_1cm_height_only_nominal_v1_contactflagbias_batch_1cm_ocs2_stepdown_1cm_r01,/home/ho/ros2_ws/src/quadruped_ros2_control/evaluation/go2_terrain_eval/results/20260411_003925_ocs2_stepdown_1cm_height_only_nominal_v1_contactflagbias_batch_1cm_ocs2_stepdown_1cm_r01,ocs2_stepdown_1cm,1.0,0.0,1,True,False,,0.0554,0.0411,-0.0143,1.3488,22.002,True,True,True,
20260411_004003_ocs2_stepdown_1cm_height_only_nominal_v1_contactflagbias_batch_1cm_ocs2_stepdown_1cm_r02,/home/ho/ros2_ws/src/quadruped_ros2_control/evaluation/go2_terrain_eval/results/20260411_004003_ocs2_stepdown_1cm_height_only_nominal_v1_contactflagbias_batch_1cm_ocs2_stepdown_1cm_r02,ocs2_stepdown_1cm,1.0,0.0,2,True,False,,0.2834,0.3632,0.0798,1.3138,22.0024,True,True,True,
20260411_004038_ocs2_stepdown_1cm_height_only_nominal_v1_contactflagbias_batch_1cm_ocs2_stepdown_1cm_r03,/home/ho/ros2_ws/src/quadruped_ros2_control/evaluation/go2_terrain_eval/results/20260411_004038_ocs2_stepdown_1cm_height_only_nominal_v1_contactflagbias_batch_1cm_ocs2_stepdown_1cm_r03,ocs2_stepdown_1cm,1.0,0.0,3,True,False,,0.1694,0.0276,-0.1417,1.2991,22.0022,True,True,True,
20260411_004112_ocs2_stepdown_1cm_height_only_nominal_v1_contactflagbias_batch_1cm_ocs2_stepdown_1cm_r04,/home/ho/ros2_ws/src/quadruped_ros2_control/evaluation/go2_terrain_eval/results/20260411_004112_ocs2_stepdown_1cm_height_only_nominal_v1_contactflagbias_batch_1cm_ocs2_stepdown_1cm_r04,ocs2_stepdown_1cm,1.0,0.0,4,True,False,,0.1668,0.0284,-0.1384,1.2306,22.0056,True,True,True,
20260411_004148_ocs2_stepdown_1cm_height_only_nominal_v1_contactflagbias_batch_1cm_ocs2_stepdown_1cm_r05,/home/ho/ros2_ws/src/quadruped_ros2_control/evaluation/go2_terrain_eval/results/20260411_004148_ocs2_stepdown_1cm_height_only_nominal_v1_contactflagbias_batch_1cm_ocs2_stepdown_1cm_r05,ocs2_stepdown_1cm,1.0,0.0,5,True,False,,0.0583,0.0393,-0.019,1.2736,22.0029,True,True,True,
20260411_004224_ocs2_stepdown_1cm_height_only_nominal_v1_contactflagbias_batch_1cm_ocs2_stepdown_1cm_r06,/home/ho/ros2_ws/src/quadruped_ros2_control/evaluation/go2_terrain_eval/results/20260411_004224_ocs2_stepdown_1cm_height_only_nominal_v1_contactflagbias_batch_1cm_ocs2_stepdown_1cm_r06,ocs2_stepdown_1cm,1.0,0.0,6,True,False,,0.1718,0.1069,-0.0649,0.0273,22.0048,True,True,False,low_progress
20260411_004259_ocs2_stepdown_1cm_height_only_nominal_v1_contactflagbias_batch_1cm_ocs2_stepdown_1cm_r07,/home/ho/ros2_ws/src/quadruped_ros2_control/evaluation/go2_terrain_eval/results/20260411_004259_ocs2_stepdown_1cm_height_only_nominal_v1_contactflagbias_batch_1cm_ocs2_stepdown_1cm_r07,ocs2_stepdown_1cm,1.0,0.0,7,True,False,,0.1725,0.0281,-0.1444,1.3272,22.0061,True,True,True,
20260411_004334_ocs2_stepdown_1cm_height_only_nominal_v1_contactflagbias_batch_1cm_ocs2_stepdown_1cm_r08,/home/ho/ros2_ws/src/quadruped_ros2_control/evaluation/go2_terrain_eval/results/20260411_004334_ocs2_stepdown_1cm_height_only_nominal_v1_contactflagbias_batch_1cm_ocs2_stepdown_1cm_r08,ocs2_stepdown_1cm,1.0,0.0,8,True,False,,0.1726,0.027,-0.1456,1.2727,22.0034,True,True,True,
20260411_004409_ocs2_stepdown_1cm_height_only_nominal_v1_contactflagbias_batch_1cm_ocs2_stepdown_1cm_r09,/home/ho/ros2_ws/src/quadruped_ros2_control/evaluation/go2_terrain_eval/results/20260411_004409_ocs2_stepdown_1cm_height_only_nominal_v1_contactflagbias_batch_1cm_ocs2_stepdown_1cm_r09,ocs2_stepdown_1cm,1.0,0.0,9,True,False,,0.1796,0.1068,-0.0728,0.0265,22.0018,True,True,False,low_progress
20260411_004444_ocs2_stepdown_1cm_height_only_nominal_v1_contactflagbias_batch_1cm_ocs2_stepdown_1cm_r10,/home/ho/ros2_ws/src/quadruped_ros2_control/evaluation/go2_terrain_eval/results/20260411_004444_ocs2_stepdown_1cm_height_only_nominal_v1_contactflagbias_batch_1cm_ocs2_stepdown_1cm_r10,ocs2_stepdown_1cm,1.0,0.0,10,True,False,,0.0564,0.0398,-0.0166,1.3348,22.0044,True,True,True,
20260411_004519_ocs2_stepdown_1cm_ctp005_height_only_nominal_v1_contactflagbias_batch_1cm_ocs2_stepdown_1cm_ctp005_r01,/home/ho/ros2_ws/src/quadruped_ros2_control/evaluation/go2_terrain_eval/results/20260411_004519_ocs2_stepdown_1cm_ctp005_height_only_nominal_v1_contactflagbias_batch_1cm_ocs2_stepdown_1cm_ctp005_r01,ocs2_stepdown_1cm,1.0,0.05,1,True,False,,0.0588,0.0136,-0.0452,2.0308,22.0054,True,True,True,
20260411_004554_ocs2_stepdown_1cm_ctp005_height_only_nominal_v1_contactflagbias_batch_1cm_ocs2_stepdown_1cm_ctp005_r02,/home/ho/ros2_ws/src/quadruped_ros2_control/evaluation/go2_terrain_eval/results/20260411_004554_ocs2_stepdown_1cm_ctp005_height_only_nominal_v1_contactflagbias_batch_1cm_ocs2_stepdown_1cm_ctp005_r02,ocs2_stepdown_1cm,1.0,0.05,2,True,False,,0.2785,0.3636,0.0851,2.0808,22.0031,True,True,True,
20260411_004629_ocs2_stepdown_1cm_ctp005_height_only_nominal_v1_contactflagbias_batch_1cm_ocs2_stepdown_1cm_ctp005_r03,/home/ho/ros2_ws/src/quadruped_ros2_control/evaluation/go2_terrain_eval/results/20260411_004629_ocs2_stepdown_1cm_ctp005_height_only_nominal_v1_contactflagbias_batch_1cm_ocs2_stepdown_1cm_ctp005_r03,ocs2_stepdown_1cm,1.0,0.05,3,True,False,,0.0575,0.0091,-0.0484,2.0849,22.0026,True,True,True,
20260411_004704_ocs2_stepdown_1cm_ctp005_height_only_nominal_v1_contactflagbias_batch_1cm_ocs2_stepdown_1cm_ctp005_r04,/home/ho/ros2_ws/src/quadruped_ros2_control/evaluation/go2_terrain_eval/results/20260411_004704_ocs2_stepdown_1cm_ctp005_height_only_nominal_v1_contactflagbias_batch_1cm_ocs2_stepdown_1cm_ctp005_r04,ocs2_stepdown_1cm,1.0,0.05,4,True,False,,0.0566,0.0101,-0.0465,2.1176,22.002,True,True,True,
20260411_004739_ocs2_stepdown_1cm_ctp005_height_only_nominal_v1_contactflagbias_batch_1cm_ocs2_stepdown_1cm_ctp005_r05,/home/ho/ros2_ws/src/quadruped_ros2_control/evaluation/go2_terrain_eval/results/20260411_004739_ocs2_stepdown_1cm_ctp005_height_only_nominal_v1_contactflagbias_batch_1cm_ocs2_stepdown_1cm_ctp005_r05,ocs2_stepdown_1cm,1.0,0.05,5,True,False,,0.0557,0.0105,-0.0451,2.0606,22.0025,True,True,True,
20260411_004814_ocs2_stepdown_1cm_ctp005_height_only_nominal_v1_contactflagbias_batch_1cm_ocs2_stepdown_1cm_ctp005_r06,/home/ho/ros2_ws/src/quadruped_ros2_control/evaluation/go2_terrain_eval/results/20260411_004814_ocs2_stepdown_1cm_ctp005_height_only_nominal_v1_contactflagbias_batch_1cm_ocs2_stepdown_1cm_ctp005_r06,ocs2_stepdown_1cm,1.0,0.05,6,True,False,,0.2821,0.3638,0.0817,2.159,22.003,True,True,True,
20260411_004849_ocs2_stepdown_1cm_ctp005_height_only_nominal_v1_contactflagbias_batch_1cm_ocs2_stepdown_1cm_ctp005_r07,/home/ho/ros2_ws/src/quadruped_ros2_control/evaluation/go2_terrain_eval/results/20260411_004849_ocs2_stepdown_1cm_ctp005_height_only_nominal_v1_contactflagbias_batch_1cm_ocs2_stepdown_1cm_ctp005_r07,ocs2_stepdown_1cm,1.0,0.05,7,True,False,,0.0557,0.0139,-0.0418,2.1221,22.0032,True,True,True,
20260411_004924_ocs2_stepdown_1cm_ctp005_height_only_nominal_v1_contactflagbias_batch_1cm_ocs2_stepdown_1cm_ctp005_r08,/home/ho/ros2_ws/src/quadruped_ros2_control/evaluation/go2_terrain_eval/results/20260411_004924_ocs2_stepdown_1cm_ctp005_height_only_nominal_v1_contactflagbias_batch_1cm_ocs2_stepdown_1cm_ctp005_r08,ocs2_stepdown_1cm,1.0,0.05,8,True,False,,0.2805,0.3634,0.0828,1.9699,22.0026,True,True,True,
20260411_004958_ocs2_stepdown_1cm_ctp005_height_only_nominal_v1_contactflagbias_batch_1cm_ocs2_stepdown_1cm_ctp005_r09,/home/ho/ros2_ws/src/quadruped_ros2_control/evaluation/go2_terrain_eval/results/20260411_004958_ocs2_stepdown_1cm_ctp005_height_only_nominal_v1_contactflagbias_batch_1cm_ocs2_stepdown_1cm_ctp005_r09,ocs2_stepdown_1cm,1.0,0.05,9,True,False,,0.0592,0.0159,-0.0433,2.1049,22.0017,True,True,True,
20260411_005036_ocs2_stepdown_1cm_ctp005_height_only_nominal_v1_contactflagbias_batch_1cm_ocs2_stepdown_1cm_ctp005_r10,/home/ho/ros2_ws/src/quadruped_ros2_control/evaluation/go2_terrain_eval/results/20260411_005036_ocs2_stepdown_1cm_ctp005_height_only_nominal_v1_contactflagbias_batch_1cm_ocs2_stepdown_1cm_ctp005_r10,ocs2_stepdown_1cm,1.0,0.05,10,True,False,,0.0558,0.0104,-0.0455,2.2231,22.0026,True,True,True,
20260411_005110_ocs2_stepdown_1cm_ctp007_height_only_nominal_v1_contactflagbias_batch_1cm_ocs2_stepdown_1cm_ctp007_r01,/home/ho/ros2_ws/src/quadruped_ros2_control/evaluation/go2_terrain_eval/results/20260411_005110_ocs2_stepdown_1cm_ctp007_height_only_nominal_v1_contactflagbias_batch_1cm_ocs2_stepdown_1cm_ctp007_r01,ocs2_stepdown_1cm,1.0,0.07,1,True,False,,0.0003,0.1265,0.1262,2.7991,22.0026,True,True,True,
20260411_005145_ocs2_stepdown_1cm_ctp007_height_only_nominal_v1_contactflagbias_batch_1cm_ocs2_stepdown_1cm_ctp007_r02,/home/ho/ros2_ws/src/quadruped_ros2_control/evaluation/go2_terrain_eval/results/20260411_005145_ocs2_stepdown_1cm_ctp007_height_only_nominal_v1_contactflagbias_batch_1cm_ocs2_stepdown_1cm_ctp007_r02,ocs2_stepdown_1cm,1.0,0.07,2,True,False,,0.2796,0.3652,0.0855,2.8335,22.0073,True,True,True,
20260411_005220_ocs2_stepdown_1cm_ctp007_height_only_nominal_v1_contactflagbias_batch_1cm_ocs2_stepdown_1cm_ctp007_r03,/home/ho/ros2_ws/src/quadruped_ros2_control/evaluation/go2_terrain_eval/results/20260411_005220_ocs2_stepdown_1cm_ctp007_height_only_nominal_v1_contactflagbias_batch_1cm_ocs2_stepdown_1cm_ctp007_r03,ocs2_stepdown_1cm,1.0,0.07,3,True,False,,0.2827,0.3646,0.0819,2.9419,22.0015,True,True,True,
20260411_005255_ocs2_stepdown_1cm_ctp007_height_only_nominal_v1_contactflagbias_batch_1cm_ocs2_stepdown_1cm_ctp007_r04,/home/ho/ros2_ws/src/quadruped_ros2_control/evaluation/go2_terrain_eval/results/20260411_005255_ocs2_stepdown_1cm_ctp007_height_only_nominal_v1_contactflagbias_batch_1cm_ocs2_stepdown_1cm_ctp007_r04,ocs2_stepdown_1cm,1.0,0.07,4,True,False,,0.0001,0.214,0.2139,2.6418,22.0031,True,True,True,
20260411_005330_ocs2_stepdown_1cm_ctp007_height_only_nominal_v1_contactflagbias_batch_1cm_ocs2_stepdown_1cm_ctp007_r05,/home/ho/ros2_ws/src/quadruped_ros2_control/evaluation/go2_terrain_eval/results/20260411_005330_ocs2_stepdown_1cm_ctp007_height_only_nominal_v1_contactflagbias_batch_1cm_ocs2_stepdown_1cm_ctp007_r05,ocs2_stepdown_1cm,1.0,0.07,5,False,False,,,,,0.0,4.0206,False,False,False,short_duration
20260411_005347_ocs2_stepdown_1cm_ctp007_height_only_nominal_v1_contactflagbias_batch_1cm_ocs2_stepdown_1cm_ctp007_r06,/home/ho/ros2_ws/src/quadruped_ros2_control/evaluation/go2_terrain_eval/results/20260411_005347_ocs2_stepdown_1cm_ctp007_height_only_nominal_v1_contactflagbias_batch_1cm_ocs2_stepdown_1cm_ctp007_r06,ocs2_stepdown_1cm,1.0,0.07,6,True,False,,-0.0,0.0625,0.0625,2.6963,22.0029,True,True,True,
20260411_005422_ocs2_stepdown_1cm_ctp007_height_only_nominal_v1_contactflagbias_batch_1cm_ocs2_stepdown_1cm_ctp007_r07,/home/ho/ros2_ws/src/quadruped_ros2_control/evaluation/go2_terrain_eval/results/20260411_005422_ocs2_stepdown_1cm_ctp007_height_only_nominal_v1_contactflagbias_batch_1cm_ocs2_stepdown_1cm_ctp007_r07,ocs2_stepdown_1cm,1.0,0.07,7,True,False,,0.0001,0.0567,0.0566,2.8159,22.0036,True,True,True,
20260411_005457_ocs2_stepdown_1cm_ctp007_height_only_nominal_v1_contactflagbias_batch_1cm_ocs2_stepdown_1cm_ctp007_r08,/home/ho/ros2_ws/src/quadruped_ros2_control/evaluation/go2_terrain_eval/results/20260411_005457_ocs2_stepdown_1cm_ctp007_height_only_nominal_v1_contactflagbias_batch_1cm_ocs2_stepdown_1cm_ctp007_r08,ocs2_stepdown_1cm,1.0,0.07,8,True,False,,0.0002,0.0979,0.0977,2.5127,22.003,True,True,True,
20260411_005532_ocs2_stepdown_1cm_ctp007_height_only_nominal_v1_contactflagbias_batch_1cm_ocs2_stepdown_1cm_ctp007_r09,/home/ho/ros2_ws/src/quadruped_ros2_control/evaluation/go2_terrain_eval/results/20260411_005532_ocs2_stepdown_1cm_ctp007_height_only_nominal_v1_contactflagbias_batch_1cm_ocs2_stepdown_1cm_ctp007_r09,ocs2_stepdown_1cm,1.0,0.07,9,True,False,,0.0001,0.1242,0.1241,2.8038,22.0018,True,True,True,
20260411_005607_ocs2_stepdown_1cm_ctp007_height_only_nominal_v1_contactflagbias_batch_1cm_ocs2_stepdown_1cm_ctp007_r10,/home/ho/ros2_ws/src/quadruped_ros2_control/evaluation/go2_terrain_eval/results/20260411_005607_ocs2_stepdown_1cm_ctp007_height_only_nominal_v1_contactflagbias_batch_1cm_ocs2_stepdown_1cm_ctp007_r10,ocs2_stepdown_1cm,1.0,0.07,10,True,False,,-0.0002,0.0469,0.0471,2.6633,22.0047,True,True,True,
20260411_005642_ocs2_stepdown_1cm_ctp008_height_only_nominal_v1_contactflagbias_batch_1cm_ocs2_stepdown_1cm_ctp008_r01,/home/ho/ros2_ws/src/quadruped_ros2_control/evaluation/go2_terrain_eval/results/20260411_005642_ocs2_stepdown_1cm_ctp008_height_only_nominal_v1_contactflagbias_batch_1cm_ocs2_stepdown_1cm_ctp008_r01,ocs2_stepdown_1cm,1.0,0.08,1,True,False,,0.2776,0.3647,0.0871,2.677,22.0032,True,True,True,
20260411_005717_ocs2_stepdown_1cm_ctp008_height_only_nominal_v1_contactflagbias_batch_1cm_ocs2_stepdown_1cm_ctp008_r02,/home/ho/ros2_ws/src/quadruped_ros2_control/evaluation/go2_terrain_eval/results/20260411_005717_ocs2_stepdown_1cm_ctp008_height_only_nominal_v1_contactflagbias_batch_1cm_ocs2_stepdown_1cm_ctp008_r02,ocs2_stepdown_1cm,1.0,0.08,2,True,False,,-0.0001,0.1274,0.1274,3.1486,22.0029,True,True,True,
20260411_005751_ocs2_stepdown_1cm_ctp008_height_only_nominal_v1_contactflagbias_batch_1cm_ocs2_stepdown_1cm_ctp008_r03,/home/ho/ros2_ws/src/quadruped_ros2_control/evaluation/go2_terrain_eval/results/20260411_005751_ocs2_stepdown_1cm_ctp008_height_only_nominal_v1_contactflagbias_batch_1cm_ocs2_stepdown_1cm_ctp008_r03,ocs2_stepdown_1cm,1.0,0.08,3,True,False,,0.2818,0.3651,0.0833,3.0989,22.0038,True,True,True,
20260411_005826_ocs2_stepdown_1cm_ctp008_height_only_nominal_v1_contactflagbias_batch_1cm_ocs2_stepdown_1cm_ctp008_r04,/home/ho/ros2_ws/src/quadruped_ros2_control/evaluation/go2_terrain_eval/results/20260411_005826_ocs2_stepdown_1cm_ctp008_height_only_nominal_v1_contactflagbias_batch_1cm_ocs2_stepdown_1cm_ctp008_r04,ocs2_stepdown_1cm,1.0,0.08,4,True,False,,0.28,0.3652,0.0853,3.1636,22.0032,True,True,True,
20260411_005901_ocs2_stepdown_1cm_ctp008_height_only_nominal_v1_contactflagbias_batch_1cm_ocs2_stepdown_1cm_ctp008_r05,/home/ho/ros2_ws/src/quadruped_ros2_control/evaluation/go2_terrain_eval/results/20260411_005901_ocs2_stepdown_1cm_ctp008_height_only_nominal_v1_contactflagbias_batch_1cm_ocs2_stepdown_1cm_ctp008_r05,ocs2_stepdown_1cm,1.0,0.08,5,True,False,,0.0,0.0913,0.0913,3.1904,22.0047,True,True,True,
20260411_005936_ocs2_stepdown_1cm_ctp008_height_only_nominal_v1_contactflagbias_batch_1cm_ocs2_stepdown_1cm_ctp008_r06,/home/ho/ros2_ws/src/quadruped_ros2_control/evaluation/go2_terrain_eval/results/20260411_005936_ocs2_stepdown_1cm_ctp008_height_only_nominal_v1_contactflagbias_batch_1cm_ocs2_stepdown_1cm_ctp008_r06,ocs2_stepdown_1cm,1.0,0.08,6,True,False,,-0.0003,0.0179,0.0182,3.1618,22.0027,True,True,True,
20260411_010011_ocs2_stepdown_1cm_ctp008_height_only_nominal_v1_contactflagbias_batch_1cm_ocs2_stepdown_1cm_ctp008_r07,/home/ho/ros2_ws/src/quadruped_ros2_control/evaluation/go2_terrain_eval/results/20260411_010011_ocs2_stepdown_1cm_ctp008_height_only_nominal_v1_contactflagbias_batch_1cm_ocs2_stepdown_1cm_ctp008_r07,ocs2_stepdown_1cm,1.0,0.08,7,True,False,,0.0,0.0879,0.0879,3.1182,22.0039,True,True,True,
20260411_010049_ocs2_stepdown_1cm_ctp008_height_only_nominal_v1_contactflagbias_batch_1cm_ocs2_stepdown_1cm_ctp008_r08,/home/ho/ros2_ws/src/quadruped_ros2_control/evaluation/go2_terrain_eval/results/20260411_010049_ocs2_stepdown_1cm_ctp008_height_only_nominal_v1_contactflagbias_batch_1cm_ocs2_stepdown_1cm_ctp008_r08,ocs2_stepdown_1cm,1.0,0.08,8,True,False,,0.1784,0.1076,-0.0709,0.026,22.0036,True,True,False,low_progress
20260411_010124_ocs2_stepdown_1cm_ctp008_height_only_nominal_v1_contactflagbias_batch_1cm_ocs2_stepdown_1cm_ctp008_r09,/home/ho/ros2_ws/src/quadruped_ros2_control/evaluation/go2_terrain_eval/results/20260411_010124_ocs2_stepdown_1cm_ctp008_height_only_nominal_v1_contactflagbias_batch_1cm_ocs2_stepdown_1cm_ctp008_r09,ocs2_stepdown_1cm,1.0,0.08,9,True,False,,-0.0001,0.0634,0.0635,3.0763,22.0024,True,True,True,
20260411_010159_ocs2_stepdown_1cm_ctp008_height_only_nominal_v1_contactflagbias_batch_1cm_ocs2_stepdown_1cm_ctp008_r10,/home/ho/ros2_ws/src/quadruped_ros2_control/evaluation/go2_terrain_eval/results/20260411_010159_ocs2_stepdown_1cm_ctp008_height_only_nominal_v1_contactflagbias_batch_1cm_ocs2_stepdown_1cm_ctp008_r10,ocs2_stepdown_1cm,1.0,0.08,10,True,False,,0.0,0.1583,0.1583,3.1216,22.0025,True,True,True,
20260411_010234_ocs2_stepdown_1cm_ctp009_height_only_nominal_v1_contactflagbias_batch_1cm_ocs2_stepdown_1cm_ctp009_r01,/home/ho/ros2_ws/src/quadruped_ros2_control/evaluation/go2_terrain_eval/results/20260411_010234_ocs2_stepdown_1cm_ctp009_height_only_nominal_v1_contactflagbias_batch_1cm_ocs2_stepdown_1cm_ctp009_r01,ocs2_stepdown_1cm,1.0,0.09,1,True,False,,-0.0003,0.0449,0.0453,3.4058,22.0038,True,True,True,
20260411_010309_ocs2_stepdown_1cm_ctp009_height_only_nominal_v1_contactflagbias_batch_1cm_ocs2_stepdown_1cm_ctp009_r02,/home/ho/ros2_ws/src/quadruped_ros2_control/evaluation/go2_terrain_eval/results/20260411_010309_ocs2_stepdown_1cm_ctp009_height_only_nominal_v1_contactflagbias_batch_1cm_ocs2_stepdown_1cm_ctp009_r02,ocs2_stepdown_1cm,1.0,0.09,2,True,False,,0.2783,0.3658,0.0876,3.6077,22.0031,True,True,True,
20260411_010344_ocs2_stepdown_1cm_ctp009_height_only_nominal_v1_contactflagbias_batch_1cm_ocs2_stepdown_1cm_ctp009_r03,/home/ho/ros2_ws/src/quadruped_ros2_control/evaluation/go2_terrain_eval/results/20260411_010344_ocs2_stepdown_1cm_ctp009_height_only_nominal_v1_contactflagbias_batch_1cm_ocs2_stepdown_1cm_ctp009_r03,ocs2_stepdown_1cm,1.0,0.09,3,True,False,,0.2754,0.3661,0.0907,3.3683,22.003,True,True,True,
20260411_010418_ocs2_stepdown_1cm_ctp009_height_only_nominal_v1_contactflagbias_batch_1cm_ocs2_stepdown_1cm_ctp009_r04,/home/ho/ros2_ws/src/quadruped_ros2_control/evaluation/go2_terrain_eval/results/20260411_010418_ocs2_stepdown_1cm_ctp009_height_only_nominal_v1_contactflagbias_batch_1cm_ocs2_stepdown_1cm_ctp009_r04,ocs2_stepdown_1cm,1.0,0.09,4,True,False,,0.2794,0.3658,0.0864,3.37,22.004,True,True,True,
20260411_010453_ocs2_stepdown_1cm_ctp009_height_only_nominal_v1_contactflagbias_batch_1cm_ocs2_stepdown_1cm_ctp009_r05,/home/ho/ros2_ws/src/quadruped_ros2_control/evaluation/go2_terrain_eval/results/20260411_010453_ocs2_stepdown_1cm_ctp009_height_only_nominal_v1_contactflagbias_batch_1cm_ocs2_stepdown_1cm_ctp009_r05,ocs2_stepdown_1cm,1.0,0.09,5,True,False,,0.279,0.3659,0.0869,3.1764,22.0026,True,True,True,
20260411_010528_ocs2_stepdown_1cm_ctp009_height_only_nominal_v1_contactflagbias_batch_1cm_ocs2_stepdown_1cm_ctp009_r06,/home/ho/ros2_ws/src/quadruped_ros2_control/evaluation/go2_terrain_eval/results/20260411_010528_ocs2_stepdown_1cm_ctp009_height_only_nominal_v1_contactflagbias_batch_1cm_ocs2_stepdown_1cm_ctp009_r06,ocs2_stepdown_1cm,1.0,0.09,6,True,False,,0.2737,0.366,0.0923,3.2794,22.0027,True,True,True,
20260411_010603_ocs2_stepdown_1cm_ctp009_height_only_nominal_v1_contactflagbias_batch_1cm_ocs2_stepdown_1cm_ctp009_r07,/home/ho/ros2_ws/src/quadruped_ros2_control/evaluation/go2_terrain_eval/results/20260411_010603_ocs2_stepdown_1cm_ctp009_height_only_nominal_v1_contactflagbias_batch_1cm_ocs2_stepdown_1cm_ctp009_r07,ocs2_stepdown_1cm,1.0,0.09,7,True,False,,0.2749,0.3661,0.0912,3.3548,22.0027,True,True,True,
20260411_010638_ocs2_stepdown_1cm_ctp009_height_only_nominal_v1_contactflagbias_batch_1cm_ocs2_stepdown_1cm_ctp009_r08,/home/ho/ros2_ws/src/quadruped_ros2_control/evaluation/go2_terrain_eval/results/20260411_010638_ocs2_stepdown_1cm_ctp009_height_only_nominal_v1_contactflagbias_batch_1cm_ocs2_stepdown_1cm_ctp009_r08,ocs2_stepdown_1cm,1.0,0.09,8,True,False,,0.2804,0.3659,0.0855,3.2863,22.0043,True,True,True,
20260411_010713_ocs2_stepdown_1cm_ctp009_height_only_nominal_v1_contactflagbias_batch_1cm_ocs2_stepdown_1cm_ctp009_r09,/home/ho/ros2_ws/src/quadruped_ros2_control/evaluation/go2_terrain_eval/results/20260411_010713_ocs2_stepdown_1cm_ctp009_height_only_nominal_v1_contactflagbias_batch_1cm_ocs2_stepdown_1cm_ctp009_r09,ocs2_stepdown_1cm,1.0,0.09,9,True,False,,0.0004,0.2389,0.2386,3.3233,22.0051,True,True,True,
20260411_010748_ocs2_stepdown_1cm_ctp009_height_only_nominal_v1_contactflagbias_batch_1cm_ocs2_stepdown_1cm_ctp009_r10,/home/ho/ros2_ws/src/quadruped_ros2_control/evaluation/go2_terrain_eval/results/20260411_010748_ocs2_stepdown_1cm_ctp009_height_only_nominal_v1_contactflagbias_batch_1cm_ocs2_stepdown_1cm_ctp009_r10,ocs2_stepdown_1cm,1.0,0.09,10,True,False,,-0.0,0.0663,0.0663,3.3334,22.0043,True,True,True,
20260411_010823_ocs2_stepdown_1cm_ctp010_height_only_nominal_v1_contactflagbias_batch_1cm_ocs2_stepdown_1cm_ctp010_r01,/home/ho/ros2_ws/src/quadruped_ros2_control/evaluation/go2_terrain_eval/results/20260411_010823_ocs2_stepdown_1cm_ctp010_height_only_nominal_v1_contactflagbias_batch_1cm_ocs2_stepdown_1cm_ctp010_r01,ocs2_stepdown_1cm,1.0,0.1,1,True,False,,0.28,0.3006,0.0206,1.0548,8.2218,False,False,True,
20260411_010845_ocs2_stepdown_1cm_ctp010_height_only_nominal_v1_contactflagbias_batch_1cm_ocs2_stepdown_1cm_ctp010_r02,/home/ho/ros2_ws/src/quadruped_ros2_control/evaluation/go2_terrain_eval/results/20260411_010845_ocs2_stepdown_1cm_ctp010_height_only_nominal_v1_contactflagbias_batch_1cm_ocs2_stepdown_1cm_ctp010_r02,ocs2_stepdown_1cm,1.0,0.1,2,True,False,,-0.0003,0.1532,0.1534,3.6755,22.0029,True,True,True,
20260411_010920_ocs2_stepdown_1cm_ctp010_height_only_nominal_v1_contactflagbias_batch_1cm_ocs2_stepdown_1cm_ctp010_r03,/home/ho/ros2_ws/src/quadruped_ros2_control/evaluation/go2_terrain_eval/results/20260411_010920_ocs2_stepdown_1cm_ctp010_height_only_nominal_v1_contactflagbias_batch_1cm_ocs2_stepdown_1cm_ctp010_r03,ocs2_stepdown_1cm,1.0,0.1,3,True,False,,0.2768,0.3673,0.0905,3.7427,22.0014,True,True,True,
20260411_010955_ocs2_stepdown_1cm_ctp010_height_only_nominal_v1_contactflagbias_batch_1cm_ocs2_stepdown_1cm_ctp010_r04,/home/ho/ros2_ws/src/quadruped_ros2_control/evaluation/go2_terrain_eval/results/20260411_010955_ocs2_stepdown_1cm_ctp010_height_only_nominal_v1_contactflagbias_batch_1cm_ocs2_stepdown_1cm_ctp010_r04,ocs2_stepdown_1cm,1.0,0.1,4,True,False,,-0.0004,0.243,0.2434,3.8067,22.0027,True,True,True,
20260411_011030_ocs2_stepdown_1cm_ctp010_height_only_nominal_v1_contactflagbias_batch_1cm_ocs2_stepdown_1cm_ctp010_r05,/home/ho/ros2_ws/src/quadruped_ros2_control/evaluation/go2_terrain_eval/results/20260411_011030_ocs2_stepdown_1cm_ctp010_height_only_nominal_v1_contactflagbias_batch_1cm_ocs2_stepdown_1cm_ctp010_r05,ocs2_stepdown_1cm,1.0,0.1,5,True,False,,0.2725,0.365,0.0926,3.9125,22.0055,True,True,True,
20260411_011107_ocs2_stepdown_1cm_ctp010_height_only_nominal_v1_contactflagbias_batch_1cm_ocs2_stepdown_1cm_ctp010_r06,/home/ho/ros2_ws/src/quadruped_ros2_control/evaluation/go2_terrain_eval/results/20260411_011107_ocs2_stepdown_1cm_ctp010_height_only_nominal_v1_contactflagbias_batch_1cm_ocs2_stepdown_1cm_ctp010_r06,ocs2_stepdown_1cm,1.0,0.1,6,False,False,,0.2804,0.3123,0.0319,0.7301,7.0209,False,False,False,short_duration
20260411_011127_ocs2_stepdown_1cm_ctp010_height_only_nominal_v1_contactflagbias_batch_1cm_ocs2_stepdown_1cm_ctp010_r07,/home/ho/ros2_ws/src/quadruped_ros2_control/evaluation/go2_terrain_eval/results/20260411_011127_ocs2_stepdown_1cm_ctp010_height_only_nominal_v1_contactflagbias_batch_1cm_ocs2_stepdown_1cm_ctp010_r07,ocs2_stepdown_1cm,1.0,0.1,7,True,False,,0.172,0.1077,-0.0643,0.028,22.0029,True,True,False,low_progress
20260411_011202_ocs2_stepdown_1cm_ctp010_height_only_nominal_v1_contactflagbias_batch_1cm_ocs2_stepdown_1cm_ctp010_r08,/home/ho/ros2_ws/src/quadruped_ros2_control/evaluation/go2_terrain_eval/results/20260411_011202_ocs2_stepdown_1cm_ctp010_height_only_nominal_v1_contactflagbias_batch_1cm_ocs2_stepdown_1cm_ctp010_r08,ocs2_stepdown_1cm,1.0,0.1,8,True,False,,0.1761,0.1074,-0.0687,0.0263,22.0065,True,True,False,low_progress
20260411_011237_ocs2_stepdown_1cm_ctp010_height_only_nominal_v1_contactflagbias_batch_1cm_ocs2_stepdown_1cm_ctp010_r09,/home/ho/ros2_ws/src/quadruped_ros2_control/evaluation/go2_terrain_eval/results/20260411_011237_ocs2_stepdown_1cm_ctp010_height_only_nominal_v1_contactflagbias_batch_1cm_ocs2_stepdown_1cm_ctp010_r09,ocs2_stepdown_1cm,1.0,0.1,9,True,False,,0.2794,0.3678,0.0884,3.3757,22.0045,True,True,True,
20260411_011312_ocs2_stepdown_1cm_ctp010_height_only_nominal_v1_contactflagbias_batch_1cm_ocs2_stepdown_1cm_ctp010_r10,/home/ho/ros2_ws/src/quadruped_ros2_control/evaluation/go2_terrain_eval/results/20260411_011312_ocs2_stepdown_1cm_ctp010_height_only_nominal_v1_contactflagbias_batch_1cm_ocs2_stepdown_1cm_ctp010_r10,ocs2_stepdown_1cm,1.0,0.1,10,True,False,,0.1762,0.1076,-0.0686,0.0271,22.0013,True,True,False,low_progress
20260411_011347_ocs2_stepdown_1cm_ctp012_height_only_nominal_v1_contactflagbias_batch_1cm_ocs2_stepdown_1cm_ctp012_r01,/home/ho/ros2_ws/src/quadruped_ros2_control/evaluation/go2_terrain_eval/results/20260411_011347_ocs2_stepdown_1cm_ctp012_height_only_nominal_v1_contactflagbias_batch_1cm_ocs2_stepdown_1cm_ctp012_r01,ocs2_stepdown_1cm,1.0,0.12,1,True,False,,0.2759,0.1618,-0.114,0.3783,22.0044,True,True,False,low_progress
20260411_011422_ocs2_stepdown_1cm_ctp012_height_only_nominal_v1_contactflagbias_batch_1cm_ocs2_stepdown_1cm_ctp012_r02,/home/ho/ros2_ws/src/quadruped_ros2_control/evaluation/go2_terrain_eval/results/20260411_011422_ocs2_stepdown_1cm_ctp012_height_only_nominal_v1_contactflagbias_batch_1cm_ocs2_stepdown_1cm_ctp012_r02,ocs2_stepdown_1cm,1.0,0.12,2,False,False,,0.2791,0.337,0.0579,0.3529,5.4617,False,False,False,short_duration
20260411_011440_ocs2_stepdown_1cm_ctp012_height_only_nominal_v1_contactflagbias_batch_1cm_ocs2_stepdown_1cm_ctp012_r03,/home/ho/ros2_ws/src/quadruped_ros2_control/evaluation/go2_terrain_eval/results/20260411_011440_ocs2_stepdown_1cm_ctp012_height_only_nominal_v1_contactflagbias_batch_1cm_ocs2_stepdown_1cm_ctp012_r03,ocs2_stepdown_1cm,1.0,0.12,3,True,False,,0.2818,0.1979,-0.0838,0.0476,17.982,False,False,False,low_progress
20260411_011511_ocs2_stepdown_1cm_ctp012_height_only_nominal_v1_contactflagbias_batch_1cm_ocs2_stepdown_1cm_ctp012_r04,/home/ho/ros2_ws/src/quadruped_ros2_control/evaluation/go2_terrain_eval/results/20260411_011511_ocs2_stepdown_1cm_ctp012_height_only_nominal_v1_contactflagbias_batch_1cm_ocs2_stepdown_1cm_ctp012_r04,ocs2_stepdown_1cm,1.0,0.12,4,True,False,,0.2733,0.2861,0.0128,0.2654,9.3011,False,False,False,low_progress
20260411_011533_ocs2_stepdown_1cm_ctp012_height_only_nominal_v1_contactflagbias_batch_1cm_ocs2_stepdown_1cm_ctp012_r05,/home/ho/ros2_ws/src/quadruped_ros2_control/evaluation/go2_terrain_eval/results/20260411_011533_ocs2_stepdown_1cm_ctp012_height_only_nominal_v1_contactflagbias_batch_1cm_ocs2_stepdown_1cm_ctp012_r05,ocs2_stepdown_1cm,1.0,0.12,5,True,False,,0.2772,0.1689,-0.1083,1.9705,17.9625,False,False,True,
20260411_011604_ocs2_stepdown_1cm_ctp012_height_only_nominal_v1_contactflagbias_batch_1cm_ocs2_stepdown_1cm_ctp012_r06,/home/ho/ros2_ws/src/quadruped_ros2_control/evaluation/go2_terrain_eval/results/20260411_011604_ocs2_stepdown_1cm_ctp012_height_only_nominal_v1_contactflagbias_batch_1cm_ocs2_stepdown_1cm_ctp012_r06,ocs2_stepdown_1cm,1.0,0.12,6,True,False,,-0.0006,0.1141,0.1147,3.1137,22.0028,True,True,True,
20260411_011639_ocs2_stepdown_1cm_ctp012_height_only_nominal_v1_contactflagbias_batch_1cm_ocs2_stepdown_1cm_ctp012_r07,/home/ho/ros2_ws/src/quadruped_ros2_control/evaluation/go2_terrain_eval/results/20260411_011639_ocs2_stepdown_1cm_ctp012_height_only_nominal_v1_contactflagbias_batch_1cm_ocs2_stepdown_1cm_ctp012_r07,ocs2_stepdown_1cm,1.0,0.12,7,True,False,,0.2721,0.2743,0.0022,1.1631,10.7812,False,False,True,
20260411_011703_ocs2_stepdown_1cm_ctp012_height_only_nominal_v1_contactflagbias_batch_1cm_ocs2_stepdown_1cm_ctp012_r08,/home/ho/ros2_ws/src/quadruped_ros2_control/evaluation/go2_terrain_eval/results/20260411_011703_ocs2_stepdown_1cm_ctp012_height_only_nominal_v1_contactflagbias_batch_1cm_ocs2_stepdown_1cm_ctp012_r08,ocs2_stepdown_1cm,1.0,0.12,8,False,False,,0.2775,0.2653,-0.0123,0.0909,6.921,False,False,False,short_duration
20260411_011723_ocs2_stepdown_1cm_ctp012_height_only_nominal_v1_contactflagbias_batch_1cm_ocs2_stepdown_1cm_ctp012_r09,/home/ho/ros2_ws/src/quadruped_ros2_control/evaluation/go2_terrain_eval/results/20260411_011723_ocs2_stepdown_1cm_ctp012_height_only_nominal_v1_contactflagbias_batch_1cm_ocs2_stepdown_1cm_ctp012_r09,ocs2_stepdown_1cm,1.0,0.12,9,False,False,,0.2756,0.3314,0.0558,0.6423,6.7008,False,False,False,short_duration
20260411_011742_ocs2_stepdown_1cm_ctp012_height_only_nominal_v1_contactflagbias_batch_1cm_ocs2_stepdown_1cm_ctp012_r10,/home/ho/ros2_ws/src/quadruped_ros2_control/evaluation/go2_terrain_eval/results/20260411_011742_ocs2_stepdown_1cm_ctp012_height_only_nominal_v1_contactflagbias_batch_1cm_ocs2_stepdown_1cm_ctp012_r10,ocs2_stepdown_1cm,1.0,0.12,10,False,False,,0.2789,0.3337,0.0548,0.3365,5.4608,False,False,False,short_duration
20260411_011801_ocs2_stepdown_1cm_ctp015_height_only_nominal_v1_contactflagbias_batch_1cm_ocs2_stepdown_1cm_ctp015_r01,/home/ho/ros2_ws/src/quadruped_ros2_control/evaluation/go2_terrain_eval/results/20260411_011801_ocs2_stepdown_1cm_ctp015_height_only_nominal_v1_contactflagbias_batch_1cm_ocs2_stepdown_1cm_ctp015_r01,ocs2_stepdown_1cm,1.0,0.15,1,False,False,,0.0006,0.6615,0.6608,-0.5987,5.7209,False,False,False,short_duration
20260411_011819_ocs2_stepdown_1cm_ctp015_height_only_nominal_v1_contactflagbias_batch_1cm_ocs2_stepdown_1cm_ctp015_r02,/home/ho/ros2_ws/src/quadruped_ros2_control/evaluation/go2_terrain_eval/results/20260411_011819_ocs2_stepdown_1cm_ctp015_height_only_nominal_v1_contactflagbias_batch_1cm_ocs2_stepdown_1cm_ctp015_r02,ocs2_stepdown_1cm,1.0,0.15,2,False,False,,0.2768,0.3163,0.0396,-0.6285,6.1208,False,False,False,short_duration
20260411_011838_ocs2_stepdown_1cm_ctp015_height_only_nominal_v1_contactflagbias_batch_1cm_ocs2_stepdown_1cm_ctp015_r03,/home/ho/ros2_ws/src/quadruped_ros2_control/evaluation/go2_terrain_eval/results/20260411_011838_ocs2_stepdown_1cm_ctp015_height_only_nominal_v1_contactflagbias_batch_1cm_ocs2_stepdown_1cm_ctp015_r03,ocs2_stepdown_1cm,1.0,0.15,3,False,False,,0.2832,0.1669,-0.1163,-0.2585,6.7608,False,False,False,short_duration
20260411_011858_ocs2_stepdown_1cm_ctp015_height_only_nominal_v1_contactflagbias_batch_1cm_ocs2_stepdown_1cm_ctp015_r04,/home/ho/ros2_ws/src/quadruped_ros2_control/evaluation/go2_terrain_eval/results/20260411_011858_ocs2_stepdown_1cm_ctp015_height_only_nominal_v1_contactflagbias_batch_1cm_ocs2_stepdown_1cm_ctp015_r04,ocs2_stepdown_1cm,1.0,0.15,4,False,False,,0.0002,0.5096,0.5094,-0.4515,6.0408,False,False,False,short_duration
20260411_011917_ocs2_stepdown_1cm_ctp015_height_only_nominal_v1_contactflagbias_batch_1cm_ocs2_stepdown_1cm_ctp015_r05,/home/ho/ros2_ws/src/quadruped_ros2_control/evaluation/go2_terrain_eval/results/20260411_011917_ocs2_stepdown_1cm_ctp015_height_only_nominal_v1_contactflagbias_batch_1cm_ocs2_stepdown_1cm_ctp015_r05,ocs2_stepdown_1cm,1.0,0.15,5,True,False,,0.2764,0.1984,-0.078,0.2985,13.0407,False,False,False,low_progress
20260411_011943_ocs2_stepdown_1cm_ctp015_height_only_nominal_v1_contactflagbias_batch_1cm_ocs2_stepdown_1cm_ctp015_r06,/home/ho/ros2_ws/src/quadruped_ros2_control/evaluation/go2_terrain_eval/results/20260411_011943_ocs2_stepdown_1cm_ctp015_height_only_nominal_v1_contactflagbias_batch_1cm_ocs2_stepdown_1cm_ctp015_r06,ocs2_stepdown_1cm,1.0,0.15,6,False,False,,-0.0001,0.474,0.4741,-0.4892,7.6217,False,False,False,short_duration
20260411_012004_ocs2_stepdown_1cm_ctp015_height_only_nominal_v1_contactflagbias_batch_1cm_ocs2_stepdown_1cm_ctp015_r07,/home/ho/ros2_ws/src/quadruped_ros2_control/evaluation/go2_terrain_eval/results/20260411_012004_ocs2_stepdown_1cm_ctp015_height_only_nominal_v1_contactflagbias_batch_1cm_ocs2_stepdown_1cm_ctp015_r07,ocs2_stepdown_1cm,1.0,0.15,7,False,False,,0.2793,0.2961,0.0168,0.1406,5.3407,False,False,False,short_duration
20260411_012022_ocs2_stepdown_1cm_ctp015_height_only_nominal_v1_contactflagbias_batch_1cm_ocs2_stepdown_1cm_ctp015_r08,/home/ho/ros2_ws/src/quadruped_ros2_control/evaluation/go2_terrain_eval/results/20260411_012022_ocs2_stepdown_1cm_ctp015_height_only_nominal_v1_contactflagbias_batch_1cm_ocs2_stepdown_1cm_ctp015_r08,ocs2_stepdown_1cm,1.0,0.15,8,False,False,,0.2774,0.3236,0.0462,0.1944,5.3613,False,False,False,short_duration
20260411_012040_ocs2_stepdown_1cm_ctp015_height_only_nominal_v1_contactflagbias_batch_1cm_ocs2_stepdown_1cm_ctp015_r09,/home/ho/ros2_ws/src/quadruped_ros2_control/evaluation/go2_terrain_eval/results/20260411_012040_ocs2_stepdown_1cm_ctp015_height_only_nominal_v1_contactflagbias_batch_1cm_ocs2_stepdown_1cm_ctp015_r09,ocs2_stepdown_1cm,1.0,0.15,9,False,False,,-0.0,0.4855,0.4855,-0.5522,5.2607,False,False,False,short_duration
20260411_012058_ocs2_stepdown_1cm_ctp015_height_only_nominal_v1_contactflagbias_batch_1cm_ocs2_stepdown_1cm_ctp015_r10,/home/ho/ros2_ws/src/quadruped_ros2_control/evaluation/go2_terrain_eval/results/20260411_012058_ocs2_stepdown_1cm_ctp015_height_only_nominal_v1_contactflagbias_batch_1cm_ocs2_stepdown_1cm_ctp015_r10,ocs2_stepdown_1cm,1.0,0.15,10,False,False,,0.2791,0.3261,0.047,0.0503,5.2606,False,False,False,short_duration
20260411_012302_ocs2_stepdown_3cm_height_only_nominal_v1_contactflagbias_batch_3cm_ocs2_stepdown_3cm_r01,/home/ho/ros2_ws/src/quadruped_ros2_control/evaluation/go2_terrain_eval/results/20260411_012302_ocs2_stepdown_3cm_height_only_nominal_v1_contactflagbias_batch_3cm_ocs2_stepdown_3cm_r01,ocs2_stepdown_3cm,3.0,0.0,1,True,False,,0.2794,0.3583,0.0789,1.3513,22.003,True,True,True,
20260411_012337_ocs2_stepdown_3cm_height_only_nominal_v1_contactflagbias_batch_3cm_ocs2_stepdown_3cm_r02,/home/ho/ros2_ws/src/quadruped_ros2_control/evaluation/go2_terrain_eval/results/20260411_012337_ocs2_stepdown_3cm_height_only_nominal_v1_contactflagbias_batch_3cm_ocs2_stepdown_3cm_r02,ocs2_stepdown_3cm,3.0,0.0,2,True,False,,0.2821,0.358,0.0759,1.3477,22.0028,True,True,True,
20260411_012412_ocs2_stepdown_3cm_height_only_nominal_v1_contactflagbias_batch_3cm_ocs2_stepdown_3cm_r03,/home/ho/ros2_ws/src/quadruped_ros2_control/evaluation/go2_terrain_eval/results/20260411_012412_ocs2_stepdown_3cm_height_only_nominal_v1_contactflagbias_batch_3cm_ocs2_stepdown_3cm_r03,ocs2_stepdown_3cm,3.0,0.0,3,True,False,,0.1736,0.1015,-0.0721,0.0195,22.0027,True,True,False,low_progress
20260411_012447_ocs2_stepdown_3cm_height_only_nominal_v1_contactflagbias_batch_3cm_ocs2_stepdown_3cm_r04,/home/ho/ros2_ws/src/quadruped_ros2_control/evaluation/go2_terrain_eval/results/20260411_012447_ocs2_stepdown_3cm_height_only_nominal_v1_contactflagbias_batch_3cm_ocs2_stepdown_3cm_r04,ocs2_stepdown_3cm,3.0,0.0,4,True,False,,0.2773,0.3582,0.0809,1.3644,22.003,True,True,True,
20260411_012522_ocs2_stepdown_3cm_height_only_nominal_v1_contactflagbias_batch_3cm_ocs2_stepdown_3cm_r05,/home/ho/ros2_ws/src/quadruped_ros2_control/evaluation/go2_terrain_eval/results/20260411_012522_ocs2_stepdown_3cm_height_only_nominal_v1_contactflagbias_batch_3cm_ocs2_stepdown_3cm_r05,ocs2_stepdown_3cm,3.0,0.0,5,True,False,,-0.0008,0.0452,0.046,1.3366,22.0027,True,True,True,
20260411_012557_ocs2_stepdown_3cm_height_only_nominal_v1_contactflagbias_batch_3cm_ocs2_stepdown_3cm_r06,/home/ho/ros2_ws/src/quadruped_ros2_control/evaluation/go2_terrain_eval/results/20260411_012557_ocs2_stepdown_3cm_height_only_nominal_v1_contactflagbias_batch_3cm_ocs2_stepdown_3cm_r06,ocs2_stepdown_3cm,3.0,0.0,6,True,False,,0.279,0.3583,0.0793,1.3923,22.0046,True,True,True,
20260411_012632_ocs2_stepdown_3cm_height_only_nominal_v1_contactflagbias_batch_3cm_ocs2_stepdown_3cm_r07,/home/ho/ros2_ws/src/quadruped_ros2_control/evaluation/go2_terrain_eval/results/20260411_012632_ocs2_stepdown_3cm_height_only_nominal_v1_contactflagbias_batch_3cm_ocs2_stepdown_3cm_r07,ocs2_stepdown_3cm,3.0,0.0,7,True,False,,0.276,0.3584,0.0824,1.3671,22.004,True,True,True,
20260411_012707_ocs2_stepdown_3cm_height_only_nominal_v1_contactflagbias_batch_3cm_ocs2_stepdown_3cm_r08,/home/ho/ros2_ws/src/quadruped_ros2_control/evaluation/go2_terrain_eval/results/20260411_012707_ocs2_stepdown_3cm_height_only_nominal_v1_contactflagbias_batch_3cm_ocs2_stepdown_3cm_r08,ocs2_stepdown_3cm,3.0,0.0,8,True,False,,0.28,0.3583,0.0783,1.3688,22.0035,True,True,True,
20260411_012742_ocs2_stepdown_3cm_height_only_nominal_v1_contactflagbias_batch_3cm_ocs2_stepdown_3cm_r09,/home/ho/ros2_ws/src/quadruped_ros2_control/evaluation/go2_terrain_eval/results/20260411_012742_ocs2_stepdown_3cm_height_only_nominal_v1_contactflagbias_batch_3cm_ocs2_stepdown_3cm_r09,ocs2_stepdown_3cm,3.0,0.0,9,True,False,,0.2744,0.3584,0.0841,1.3495,22.0032,True,True,True,
20260411_012817_ocs2_stepdown_3cm_height_only_nominal_v1_contactflagbias_batch_3cm_ocs2_stepdown_3cm_r10,/home/ho/ros2_ws/src/quadruped_ros2_control/evaluation/go2_terrain_eval/results/20260411_012817_ocs2_stepdown_3cm_height_only_nominal_v1_contactflagbias_batch_3cm_ocs2_stepdown_3cm_r10,ocs2_stepdown_3cm,3.0,0.0,10,True,False,,0.2766,0.3583,0.0817,1.369,22.0025,True,True,True,
20260411_012852_ocs2_stepdown_3cm_ctp005_height_only_nominal_v1_contactflagbias_batch_3cm_ocs2_stepdown_3cm_ctp005_r01,/home/ho/ros2_ws/src/quadruped_ros2_control/evaluation/go2_terrain_eval/results/20260411_012852_ocs2_stepdown_3cm_ctp005_height_only_nominal_v1_contactflagbias_batch_3cm_ocs2_stepdown_3cm_ctp005_r01,ocs2_stepdown_3cm,3.0,0.05,1,True,False,,0.278,0.3584,0.0804,2.1763,22.0045,True,True,True,
20260411_012927_ocs2_stepdown_3cm_ctp005_height_only_nominal_v1_contactflagbias_batch_3cm_ocs2_stepdown_3cm_ctp005_r02,/home/ho/ros2_ws/src/quadruped_ros2_control/evaluation/go2_terrain_eval/results/20260411_012927_ocs2_stepdown_3cm_ctp005_height_only_nominal_v1_contactflagbias_batch_3cm_ocs2_stepdown_3cm_ctp005_r02,ocs2_stepdown_3cm,3.0,0.05,2,True,False,,0.2749,0.3584,0.0835,2.0822,22.0027,True,True,True,
20260411_013002_ocs2_stepdown_3cm_ctp005_height_only_nominal_v1_contactflagbias_batch_3cm_ocs2_stepdown_3cm_ctp005_r03,/home/ho/ros2_ws/src/quadruped_ros2_control/evaluation/go2_terrain_eval/results/20260411_013002_ocs2_stepdown_3cm_ctp005_height_only_nominal_v1_contactflagbias_batch_3cm_ocs2_stepdown_3cm_ctp005_r03,ocs2_stepdown_3cm,3.0,0.05,3,True,False,,0.0004,0.0904,0.0901,2.1642,22.003,True,True,True,
20260411_013036_ocs2_stepdown_3cm_ctp005_height_only_nominal_v1_contactflagbias_batch_3cm_ocs2_stepdown_3cm_ctp005_r04,/home/ho/ros2_ws/src/quadruped_ros2_control/evaluation/go2_terrain_eval/results/20260411_013036_ocs2_stepdown_3cm_ctp005_height_only_nominal_v1_contactflagbias_batch_3cm_ocs2_stepdown_3cm_ctp005_r04,ocs2_stepdown_3cm,3.0,0.05,4,True,False,,0.0003,0.1267,0.1264,2.086,22.0041,True,True,True,
20260411_013111_ocs2_stepdown_3cm_ctp005_height_only_nominal_v1_contactflagbias_batch_3cm_ocs2_stepdown_3cm_ctp005_r05,/home/ho/ros2_ws/src/quadruped_ros2_control/evaluation/go2_terrain_eval/results/20260411_013111_ocs2_stepdown_3cm_ctp005_height_only_nominal_v1_contactflagbias_batch_3cm_ocs2_stepdown_3cm_ctp005_r05,ocs2_stepdown_3cm,3.0,0.05,5,True,False,,0.0002,0.0485,0.0484,2.2259,22.0046,True,True,True,
20260411_013149_ocs2_stepdown_3cm_ctp005_height_only_nominal_v1_contactflagbias_batch_3cm_ocs2_stepdown_3cm_ctp005_r06,/home/ho/ros2_ws/src/quadruped_ros2_control/evaluation/go2_terrain_eval/results/20260411_013149_ocs2_stepdown_3cm_ctp005_height_only_nominal_v1_contactflagbias_batch_3cm_ocs2_stepdown_3cm_ctp005_r06,ocs2_stepdown_3cm,3.0,0.05,6,True,False,,0.0002,0.0471,0.0468,2.1706,22.0042,True,True,True,
20260411_013224_ocs2_stepdown_3cm_ctp005_height_only_nominal_v1_contactflagbias_batch_3cm_ocs2_stepdown_3cm_ctp005_r07,/home/ho/ros2_ws/src/quadruped_ros2_control/evaluation/go2_terrain_eval/results/20260411_013224_ocs2_stepdown_3cm_ctp005_height_only_nominal_v1_contactflagbias_batch_3cm_ocs2_stepdown_3cm_ctp005_r07,ocs2_stepdown_3cm,3.0,0.05,7,True,False,,0.279,0.3586,0.0795,2.1729,22.0034,True,True,True,
20260411_013259_ocs2_stepdown_3cm_ctp005_height_only_nominal_v1_contactflagbias_batch_3cm_ocs2_stepdown_3cm_ctp005_r08,/home/ho/ros2_ws/src/quadruped_ros2_control/evaluation/go2_terrain_eval/results/20260411_013259_ocs2_stepdown_3cm_ctp005_height_only_nominal_v1_contactflagbias_batch_3cm_ocs2_stepdown_3cm_ctp005_r08,ocs2_stepdown_3cm,3.0,0.05,8,True,False,,0.2783,0.3585,0.0802,2.1377,22.003,True,True,True,
20260411_013333_ocs2_stepdown_3cm_ctp005_height_only_nominal_v1_contactflagbias_batch_3cm_ocs2_stepdown_3cm_ctp005_r09,/home/ho/ros2_ws/src/quadruped_ros2_control/evaluation/go2_terrain_eval/results/20260411_013333_ocs2_stepdown_3cm_ctp005_height_only_nominal_v1_contactflagbias_batch_3cm_ocs2_stepdown_3cm_ctp005_r09,ocs2_stepdown_3cm,3.0,0.05,9,True,False,,0.2793,0.3583,0.079,2.0646,22.0036,True,True,True,
20260411_013408_ocs2_stepdown_3cm_ctp005_height_only_nominal_v1_contactflagbias_batch_3cm_ocs2_stepdown_3cm_ctp005_r10,/home/ho/ros2_ws/src/quadruped_ros2_control/evaluation/go2_terrain_eval/results/20260411_013408_ocs2_stepdown_3cm_ctp005_height_only_nominal_v1_contactflagbias_batch_3cm_ocs2_stepdown_3cm_ctp005_r10,ocs2_stepdown_3cm,3.0,0.05,10,True,False,,0.0002,0.0598,0.0596,2.1212,22.0033,True,True,True,
20260411_013443_ocs2_stepdown_3cm_ctp007_height_only_nominal_v1_contactflagbias_batch_3cm_ocs2_stepdown_3cm_ctp007_r01,/home/ho/ros2_ws/src/quadruped_ros2_control/evaluation/go2_terrain_eval/results/20260411_013443_ocs2_stepdown_3cm_ctp007_height_only_nominal_v1_contactflagbias_batch_3cm_ocs2_stepdown_3cm_ctp007_r01,ocs2_stepdown_3cm,3.0,0.07,1,True,False,,0.2731,0.3593,0.0862,2.7222,22.0031,True,True,True,
20260411_013518_ocs2_stepdown_3cm_ctp007_height_only_nominal_v1_contactflagbias_batch_3cm_ocs2_stepdown_3cm_ctp007_r02,/home/ho/ros2_ws/src/quadruped_ros2_control/evaluation/go2_terrain_eval/results/20260411_013518_ocs2_stepdown_3cm_ctp007_height_only_nominal_v1_contactflagbias_batch_3cm_ocs2_stepdown_3cm_ctp007_r02,ocs2_stepdown_3cm,3.0,0.07,2,True,False,,0.2816,0.359,0.0774,2.5786,22.0028,True,True,True,
20260411_013553_ocs2_stepdown_3cm_ctp007_height_only_nominal_v1_contactflagbias_batch_3cm_ocs2_stepdown_3cm_ctp007_r03,/home/ho/ros2_ws/src/quadruped_ros2_control/evaluation/go2_terrain_eval/results/20260411_013553_ocs2_stepdown_3cm_ctp007_height_only_nominal_v1_contactflagbias_batch_3cm_ocs2_stepdown_3cm_ctp007_r03,ocs2_stepdown_3cm,3.0,0.07,3,True,False,,0.2717,0.3589,0.0873,2.5708,22.0033,True,True,True,
20260411_013628_ocs2_stepdown_3cm_ctp007_height_only_nominal_v1_contactflagbias_batch_3cm_ocs2_stepdown_3cm_ctp007_r04,/home/ho/ros2_ws/src/quadruped_ros2_control/evaluation/go2_terrain_eval/results/20260411_013628_ocs2_stepdown_3cm_ctp007_height_only_nominal_v1_contactflagbias_batch_3cm_ocs2_stepdown_3cm_ctp007_r04,ocs2_stepdown_3cm,3.0,0.07,4,True,False,,0.0005,0.056,0.0555,2.5967,22.0029,True,True,True,
20260411_013703_ocs2_stepdown_3cm_ctp007_height_only_nominal_v1_contactflagbias_batch_3cm_ocs2_stepdown_3cm_ctp007_r05,/home/ho/ros2_ws/src/quadruped_ros2_control/evaluation/go2_terrain_eval/results/20260411_013703_ocs2_stepdown_3cm_ctp007_height_only_nominal_v1_contactflagbias_batch_3cm_ocs2_stepdown_3cm_ctp007_r05,ocs2_stepdown_3cm,3.0,0.07,5,True,False,,0.0001,0.1325,0.1324,2.5941,22.0031,True,True,True,
20260411_013738_ocs2_stepdown_3cm_ctp007_height_only_nominal_v1_contactflagbias_batch_3cm_ocs2_stepdown_3cm_ctp007_r06,/home/ho/ros2_ws/src/quadruped_ros2_control/evaluation/go2_terrain_eval/results/20260411_013738_ocs2_stepdown_3cm_ctp007_height_only_nominal_v1_contactflagbias_batch_3cm_ocs2_stepdown_3cm_ctp007_r06,ocs2_stepdown_3cm,3.0,0.07,6,True,False,,0.2734,0.3591,0.0857,2.5648,22.0037,True,True,True,
20260411_013813_ocs2_stepdown_3cm_ctp007_height_only_nominal_v1_contactflagbias_batch_3cm_ocs2_stepdown_3cm_ctp007_r07,/home/ho/ros2_ws/src/quadruped_ros2_control/evaluation/go2_terrain_eval/results/20260411_013813_ocs2_stepdown_3cm_ctp007_height_only_nominal_v1_contactflagbias_batch_3cm_ocs2_stepdown_3cm_ctp007_r07,ocs2_stepdown_3cm,3.0,0.07,7,True,False,,0.0002,0.111,0.1108,2.6456,22.0034,True,True,True,
20260411_013848_ocs2_stepdown_3cm_ctp007_height_only_nominal_v1_contactflagbias_batch_3cm_ocs2_stepdown_3cm_ctp007_r08,/home/ho/ros2_ws/src/quadruped_ros2_control/evaluation/go2_terrain_eval/results/20260411_013848_ocs2_stepdown_3cm_ctp007_height_only_nominal_v1_contactflagbias_batch_3cm_ocs2_stepdown_3cm_ctp007_r08,ocs2_stepdown_3cm,3.0,0.07,8,True,False,,0.0005,0.1965,0.196,2.5091,22.0022,True,True,True,
20260411_013923_ocs2_stepdown_3cm_ctp007_height_only_nominal_v1_contactflagbias_batch_3cm_ocs2_stepdown_3cm_ctp007_r09,/home/ho/ros2_ws/src/quadruped_ros2_control/evaluation/go2_terrain_eval/results/20260411_013923_ocs2_stepdown_3cm_ctp007_height_only_nominal_v1_contactflagbias_batch_3cm_ocs2_stepdown_3cm_ctp007_r09,ocs2_stepdown_3cm,3.0,0.07,9,True,False,,0.0003,0.1739,0.1737,2.6343,22.0045,True,True,True,
20260411_013958_ocs2_stepdown_3cm_ctp007_height_only_nominal_v1_contactflagbias_batch_3cm_ocs2_stepdown_3cm_ctp007_r10,/home/ho/ros2_ws/src/quadruped_ros2_control/evaluation/go2_terrain_eval/results/20260411_013958_ocs2_stepdown_3cm_ctp007_height_only_nominal_v1_contactflagbias_batch_3cm_ocs2_stepdown_3cm_ctp007_r10,ocs2_stepdown_3cm,3.0,0.07,10,True,False,,0.0002,0.1468,0.1466,2.5265,22.0036,True,True,True,
20260411_014033_ocs2_stepdown_3cm_ctp008_height_only_nominal_v1_contactflagbias_batch_3cm_ocs2_stepdown_3cm_ctp008_r01,/home/ho/ros2_ws/src/quadruped_ros2_control/evaluation/go2_terrain_eval/results/20260411_014033_ocs2_stepdown_3cm_ctp008_height_only_nominal_v1_contactflagbias_batch_3cm_ocs2_stepdown_3cm_ctp008_r01,ocs2_stepdown_3cm,3.0,0.08,1,True,False,,0.0003,0.1912,0.1909,2.7431,22.003,True,True,True,
20260411_014108_ocs2_stepdown_3cm_ctp008_height_only_nominal_v1_contactflagbias_batch_3cm_ocs2_stepdown_3cm_ctp008_r02,/home/ho/ros2_ws/src/quadruped_ros2_control/evaluation/go2_terrain_eval/results/20260411_014108_ocs2_stepdown_3cm_ctp008_height_only_nominal_v1_contactflagbias_batch_3cm_ocs2_stepdown_3cm_ctp008_r02,ocs2_stepdown_3cm,3.0,0.08,2,True,False,,0.0,0.1791,0.1791,2.7064,22.0039,True,True,True,
20260411_014143_ocs2_stepdown_3cm_ctp008_height_only_nominal_v1_contactflagbias_batch_3cm_ocs2_stepdown_3cm_ctp008_r03,/home/ho/ros2_ws/src/quadruped_ros2_control/evaluation/go2_terrain_eval/results/20260411_014143_ocs2_stepdown_3cm_ctp008_height_only_nominal_v1_contactflagbias_batch_3cm_ocs2_stepdown_3cm_ctp008_r03,ocs2_stepdown_3cm,3.0,0.08,3,True,False,,0.2795,0.3591,0.0797,2.7567,22.0021,True,True,True,
20260411_014220_ocs2_stepdown_3cm_ctp008_height_only_nominal_v1_contactflagbias_batch_3cm_ocs2_stepdown_3cm_ctp008_r04,/home/ho/ros2_ws/src/quadruped_ros2_control/evaluation/go2_terrain_eval/results/20260411_014220_ocs2_stepdown_3cm_ctp008_height_only_nominal_v1_contactflagbias_batch_3cm_ocs2_stepdown_3cm_ctp008_r04,ocs2_stepdown_3cm,3.0,0.08,4,True,False,,0.0004,0.3798,0.3793,2.7856,22.0015,True,True,True,
20260411_014255_ocs2_stepdown_3cm_ctp008_height_only_nominal_v1_contactflagbias_batch_3cm_ocs2_stepdown_3cm_ctp008_r05,/home/ho/ros2_ws/src/quadruped_ros2_control/evaluation/go2_terrain_eval/results/20260411_014255_ocs2_stepdown_3cm_ctp008_height_only_nominal_v1_contactflagbias_batch_3cm_ocs2_stepdown_3cm_ctp008_r05,ocs2_stepdown_3cm,3.0,0.08,5,True,False,,0.2771,0.3594,0.0823,2.7296,22.0057,True,True,True,
20260411_014330_ocs2_stepdown_3cm_ctp008_height_only_nominal_v1_contactflagbias_batch_3cm_ocs2_stepdown_3cm_ctp008_r06,/home/ho/ros2_ws/src/quadruped_ros2_control/evaluation/go2_terrain_eval/results/20260411_014330_ocs2_stepdown_3cm_ctp008_height_only_nominal_v1_contactflagbias_batch_3cm_ocs2_stepdown_3cm_ctp008_r06,ocs2_stepdown_3cm,3.0,0.08,6,True,False,,0.0005,0.3645,0.364,2.7641,22.0047,True,True,True,
20260411_014405_ocs2_stepdown_3cm_ctp008_height_only_nominal_v1_contactflagbias_batch_3cm_ocs2_stepdown_3cm_ctp008_r07,/home/ho/ros2_ws/src/quadruped_ros2_control/evaluation/go2_terrain_eval/results/20260411_014405_ocs2_stepdown_3cm_ctp008_height_only_nominal_v1_contactflagbias_batch_3cm_ocs2_stepdown_3cm_ctp008_r07,ocs2_stepdown_3cm,3.0,0.08,7,True,False,,0.2796,0.3592,0.0796,2.7675,22.0015,True,True,True,
20260411_014440_ocs2_stepdown_3cm_ctp008_height_only_nominal_v1_contactflagbias_batch_3cm_ocs2_stepdown_3cm_ctp008_r08,/home/ho/ros2_ws/src/quadruped_ros2_control/evaluation/go2_terrain_eval/results/20260411_014440_ocs2_stepdown_3cm_ctp008_height_only_nominal_v1_contactflagbias_batch_3cm_ocs2_stepdown_3cm_ctp008_r08,ocs2_stepdown_3cm,3.0,0.08,8,True,False,,0.0004,0.0924,0.092,2.6998,22.0037,True,True,True,
20260411_014515_ocs2_stepdown_3cm_ctp008_height_only_nominal_v1_contactflagbias_batch_3cm_ocs2_stepdown_3cm_ctp008_r09,/home/ho/ros2_ws/src/quadruped_ros2_control/evaluation/go2_terrain_eval/results/20260411_014515_ocs2_stepdown_3cm_ctp008_height_only_nominal_v1_contactflagbias_batch_3cm_ocs2_stepdown_3cm_ctp008_r09,ocs2_stepdown_3cm,3.0,0.08,9,True,False,,0.2773,0.359,0.0818,2.7883,22.0038,True,True,True,
20260411_014550_ocs2_stepdown_3cm_ctp008_height_only_nominal_v1_contactflagbias_batch_3cm_ocs2_stepdown_3cm_ctp008_r10,/home/ho/ros2_ws/src/quadruped_ros2_control/evaluation/go2_terrain_eval/results/20260411_014550_ocs2_stepdown_3cm_ctp008_height_only_nominal_v1_contactflagbias_batch_3cm_ocs2_stepdown_3cm_ctp008_r10,ocs2_stepdown_3cm,3.0,0.08,10,True,False,,0.2774,0.3592,0.0817,2.8698,22.0028,True,True,True,
20260411_014625_ocs2_stepdown_3cm_ctp009_height_only_nominal_v1_contactflagbias_batch_3cm_ocs2_stepdown_3cm_ctp009_r01,/home/ho/ros2_ws/src/quadruped_ros2_control/evaluation/go2_terrain_eval/results/20260411_014625_ocs2_stepdown_3cm_ctp009_height_only_nominal_v1_contactflagbias_batch_3cm_ocs2_stepdown_3cm_ctp009_r01,ocs2_stepdown_3cm,3.0,0.09,1,True,False,,0.2776,0.36,0.0824,3.0004,22.0027,True,True,True,
20260411_014700_ocs2_stepdown_3cm_ctp009_height_only_nominal_v1_contactflagbias_batch_3cm_ocs2_stepdown_3cm_ctp009_r02,/home/ho/ros2_ws/src/quadruped_ros2_control/evaluation/go2_terrain_eval/results/20260411_014700_ocs2_stepdown_3cm_ctp009_height_only_nominal_v1_contactflagbias_batch_3cm_ocs2_stepdown_3cm_ctp009_r02,ocs2_stepdown_3cm,3.0,0.09,2,True,False,,0.2717,0.3604,0.0888,3.1207,22.0027,True,True,True,
20260411_014735_ocs2_stepdown_3cm_ctp009_height_only_nominal_v1_contactflagbias_batch_3cm_ocs2_stepdown_3cm_ctp009_r03,/home/ho/ros2_ws/src/quadruped_ros2_control/evaluation/go2_terrain_eval/results/20260411_014735_ocs2_stepdown_3cm_ctp009_height_only_nominal_v1_contactflagbias_batch_3cm_ocs2_stepdown_3cm_ctp009_r03,ocs2_stepdown_3cm,3.0,0.09,3,True,False,,0.2737,0.3582,0.0845,2.8914,22.0026,True,True,True,
20260411_014810_ocs2_stepdown_3cm_ctp009_height_only_nominal_v1_contactflagbias_batch_3cm_ocs2_stepdown_3cm_ctp009_r04,/home/ho/ros2_ws/src/quadruped_ros2_control/evaluation/go2_terrain_eval/results/20260411_014810_ocs2_stepdown_3cm_ctp009_height_only_nominal_v1_contactflagbias_batch_3cm_ocs2_stepdown_3cm_ctp009_r04,ocs2_stepdown_3cm,3.0,0.09,4,True,False,,0.1676,0.1015,-0.0661,0.019,22.0028,True,True,False,low_progress
20260411_014845_ocs2_stepdown_3cm_ctp009_height_only_nominal_v1_contactflagbias_batch_3cm_ocs2_stepdown_3cm_ctp009_r05,/home/ho/ros2_ws/src/quadruped_ros2_control/evaluation/go2_terrain_eval/results/20260411_014845_ocs2_stepdown_3cm_ctp009_height_only_nominal_v1_contactflagbias_batch_3cm_ocs2_stepdown_3cm_ctp009_r05,ocs2_stepdown_3cm,3.0,0.09,5,True,False,,0.2773,0.3602,0.0829,2.9877,22.0014,True,True,True,
20260411_014920_ocs2_stepdown_3cm_ctp009_height_only_nominal_v1_contactflagbias_batch_3cm_ocs2_stepdown_3cm_ctp009_r06,/home/ho/ros2_ws/src/quadruped_ros2_control/evaluation/go2_terrain_eval/results/20260411_014920_ocs2_stepdown_3cm_ctp009_height_only_nominal_v1_contactflagbias_batch_3cm_ocs2_stepdown_3cm_ctp009_r06,ocs2_stepdown_3cm,3.0,0.09,6,True,False,,0.2832,0.3066,0.0234,1.2701,8.6009,False,False,True,
20260411_014941_ocs2_stepdown_3cm_ctp009_height_only_nominal_v1_contactflagbias_batch_3cm_ocs2_stepdown_3cm_ctp009_r07,/home/ho/ros2_ws/src/quadruped_ros2_control/evaluation/go2_terrain_eval/results/20260411_014941_ocs2_stepdown_3cm_ctp009_height_only_nominal_v1_contactflagbias_batch_3cm_ocs2_stepdown_3cm_ctp009_r07,ocs2_stepdown_3cm,3.0,0.09,7,True,False,,0.2778,0.3594,0.0816,3.0548,22.0029,True,True,True,
20260411_015016_ocs2_stepdown_3cm_ctp009_height_only_nominal_v1_contactflagbias_batch_3cm_ocs2_stepdown_3cm_ctp009_r08,/home/ho/ros2_ws/src/quadruped_ros2_control/evaluation/go2_terrain_eval/results/20260411_015016_ocs2_stepdown_3cm_ctp009_height_only_nominal_v1_contactflagbias_batch_3cm_ocs2_stepdown_3cm_ctp009_r08,ocs2_stepdown_3cm,3.0,0.09,8,True,False,,0.2779,0.3117,0.0337,1.3108,9.0622,False,False,True,
20260411_015038_ocs2_stepdown_3cm_ctp009_height_only_nominal_v1_contactflagbias_batch_3cm_ocs2_stepdown_3cm_ctp009_r09,/home/ho/ros2_ws/src/quadruped_ros2_control/evaluation/go2_terrain_eval/results/20260411_015038_ocs2_stepdown_3cm_ctp009_height_only_nominal_v1_contactflagbias_batch_3cm_ocs2_stepdown_3cm_ctp009_r09,ocs2_stepdown_3cm,3.0,0.09,9,True,False,,0.2727,0.3602,0.0875,3.0093,22.0036,True,True,True,
20260411_015113_ocs2_stepdown_3cm_ctp009_height_only_nominal_v1_contactflagbias_batch_3cm_ocs2_stepdown_3cm_ctp009_r10,/home/ho/ros2_ws/src/quadruped_ros2_control/evaluation/go2_terrain_eval/results/20260411_015113_ocs2_stepdown_3cm_ctp009_height_only_nominal_v1_contactflagbias_batch_3cm_ocs2_stepdown_3cm_ctp009_r10,ocs2_stepdown_3cm,3.0,0.09,10,True,False,,-0.0008,0.0292,0.03,2.9498,22.0028,True,True,True,
20260411_015148_ocs2_stepdown_3cm_ctp010_height_only_nominal_v1_contactflagbias_batch_3cm_ocs2_stepdown_3cm_ctp010_r01,/home/ho/ros2_ws/src/quadruped_ros2_control/evaluation/go2_terrain_eval/results/20260411_015148_ocs2_stepdown_3cm_ctp010_height_only_nominal_v1_contactflagbias_batch_3cm_ocs2_stepdown_3cm_ctp010_r01,ocs2_stepdown_3cm,3.0,0.1,1,True,False,,0.2786,0.3605,0.0818,3.5329,22.0034,True,True,True,
20260411_015225_ocs2_stepdown_3cm_ctp010_height_only_nominal_v1_contactflagbias_batch_3cm_ocs2_stepdown_3cm_ctp010_r02,/home/ho/ros2_ws/src/quadruped_ros2_control/evaluation/go2_terrain_eval/results/20260411_015225_ocs2_stepdown_3cm_ctp010_height_only_nominal_v1_contactflagbias_batch_3cm_ocs2_stepdown_3cm_ctp010_r02,ocs2_stepdown_3cm,3.0,0.1,2,False,False,,0.2797,0.3402,0.0605,0.4429,6.281,False,False,False,short_duration
20260411_015244_ocs2_stepdown_3cm_ctp010_height_only_nominal_v1_contactflagbias_batch_3cm_ocs2_stepdown_3cm_ctp010_r03,/home/ho/ros2_ws/src/quadruped_ros2_control/evaluation/go2_terrain_eval/results/20260411_015244_ocs2_stepdown_3cm_ctp010_height_only_nominal_v1_contactflagbias_batch_3cm_ocs2_stepdown_3cm_ctp010_r03,ocs2_stepdown_3cm,3.0,0.1,3,True,False,,0.2796,0.1501,-0.1296,1.756,13.3235,False,False,True,
20260411_015310_ocs2_stepdown_3cm_ctp010_height_only_nominal_v1_contactflagbias_batch_3cm_ocs2_stepdown_3cm_ctp010_r04,/home/ho/ros2_ws/src/quadruped_ros2_control/evaluation/go2_terrain_eval/results/20260411_015310_ocs2_stepdown_3cm_ctp010_height_only_nominal_v1_contactflagbias_batch_3cm_ocs2_stepdown_3cm_ctp010_r04,ocs2_stepdown_3cm,3.0,0.1,4,True,False,,0.2798,0.3103,0.0306,1.0577,8.2013,False,False,True,
20260411_015332_ocs2_stepdown_3cm_ctp010_height_only_nominal_v1_contactflagbias_batch_3cm_ocs2_stepdown_3cm_ctp010_r05,/home/ho/ros2_ws/src/quadruped_ros2_control/evaluation/go2_terrain_eval/results/20260411_015332_ocs2_stepdown_3cm_ctp010_height_only_nominal_v1_contactflagbias_batch_3cm_ocs2_stepdown_3cm_ctp010_r05,ocs2_stepdown_3cm,3.0,0.1,5,True,False,,0.1652,0.1022,-0.063,0.0181,22.0058,True,True,False,low_progress
20260411_015407_ocs2_stepdown_3cm_ctp010_height_only_nominal_v1_contactflagbias_batch_3cm_ocs2_stepdown_3cm_ctp010_r06,/home/ho/ros2_ws/src/quadruped_ros2_control/evaluation/go2_terrain_eval/results/20260411_015407_ocs2_stepdown_3cm_ctp010_height_only_nominal_v1_contactflagbias_batch_3cm_ocs2_stepdown_3cm_ctp010_r06,ocs2_stepdown_3cm,3.0,0.1,6,True,False,,0.281,0.3598,0.0788,3.6657,22.0028,True,True,True,
20260411_015442_ocs2_stepdown_3cm_ctp010_height_only_nominal_v1_contactflagbias_batch_3cm_ocs2_stepdown_3cm_ctp010_r07,/home/ho/ros2_ws/src/quadruped_ros2_control/evaluation/go2_terrain_eval/results/20260411_015442_ocs2_stepdown_3cm_ctp010_height_only_nominal_v1_contactflagbias_batch_3cm_ocs2_stepdown_3cm_ctp010_r07,ocs2_stepdown_3cm,3.0,0.1,7,True,False,,0.2793,0.3229,0.0436,1.1161,8.641,False,False,True,
20260411_015503_ocs2_stepdown_3cm_ctp010_height_only_nominal_v1_contactflagbias_batch_3cm_ocs2_stepdown_3cm_ctp010_r08,/home/ho/ros2_ws/src/quadruped_ros2_control/evaluation/go2_terrain_eval/results/20260411_015503_ocs2_stepdown_3cm_ctp010_height_only_nominal_v1_contactflagbias_batch_3cm_ocs2_stepdown_3cm_ctp010_r08,ocs2_stepdown_3cm,3.0,0.1,8,True,False,,-0.0014,0.1805,0.1819,3.171,22.0027,True,True,True,
20260411_015538_ocs2_stepdown_3cm_ctp010_height_only_nominal_v1_contactflagbias_batch_3cm_ocs2_stepdown_3cm_ctp010_r09,/home/ho/ros2_ws/src/quadruped_ros2_control/evaluation/go2_terrain_eval/results/20260411_015538_ocs2_stepdown_3cm_ctp010_height_only_nominal_v1_contactflagbias_batch_3cm_ocs2_stepdown_3cm_ctp010_r09,ocs2_stepdown_3cm,3.0,0.1,9,True,False,,0.2782,0.3602,0.082,3.5443,22.0034,True,True,True,
20260411_015613_ocs2_stepdown_3cm_ctp010_height_only_nominal_v1_contactflagbias_batch_3cm_ocs2_stepdown_3cm_ctp010_r10,/home/ho/ros2_ws/src/quadruped_ros2_control/evaluation/go2_terrain_eval/results/20260411_015613_ocs2_stepdown_3cm_ctp010_height_only_nominal_v1_contactflagbias_batch_3cm_ocs2_stepdown_3cm_ctp010_r10,ocs2_stepdown_3cm,3.0,0.1,10,False,False,,0.2812,0.3157,0.0345,1.0138,7.8209,False,False,False,short_duration
20260411_015634_ocs2_stepdown_3cm_ctp012_height_only_nominal_v1_contactflagbias_batch_3cm_ocs2_stepdown_3cm_ctp012_r01,/home/ho/ros2_ws/src/quadruped_ros2_control/evaluation/go2_terrain_eval/results/20260411_015634_ocs2_stepdown_3cm_ctp012_height_only_nominal_v1_contactflagbias_batch_3cm_ocs2_stepdown_3cm_ctp012_r01,ocs2_stepdown_3cm,3.0,0.12,1,True,False,,0.279,0.1729,-0.1061,1.5378,15.2437,False,False,True,
20260411_015702_ocs2_stepdown_3cm_ctp012_height_only_nominal_v1_contactflagbias_batch_3cm_ocs2_stepdown_3cm_ctp012_r02,/home/ho/ros2_ws/src/quadruped_ros2_control/evaluation/go2_terrain_eval/results/20260411_015702_ocs2_stepdown_3cm_ctp012_height_only_nominal_v1_contactflagbias_batch_3cm_ocs2_stepdown_3cm_ctp012_r02,ocs2_stepdown_3cm,3.0,0.12,2,False,False,,0.2807,0.3239,0.0432,0.507,6.2211,False,False,False,short_duration
20260411_015721_ocs2_stepdown_3cm_ctp012_height_only_nominal_v1_contactflagbias_batch_3cm_ocs2_stepdown_3cm_ctp012_r03,/home/ho/ros2_ws/src/quadruped_ros2_control/evaluation/go2_terrain_eval/results/20260411_015721_ocs2_stepdown_3cm_ctp012_height_only_nominal_v1_contactflagbias_batch_3cm_ocs2_stepdown_3cm_ctp012_r03,ocs2_stepdown_3cm,3.0,0.12,3,True,False,,0.2795,0.3586,0.0791,2.5571,22.0035,True,True,True,
20260411_015756_ocs2_stepdown_3cm_ctp012_height_only_nominal_v1_contactflagbias_batch_3cm_ocs2_stepdown_3cm_ctp012_r04,/home/ho/ros2_ws/src/quadruped_ros2_control/evaluation/go2_terrain_eval/results/20260411_015756_ocs2_stepdown_3cm_ctp012_height_only_nominal_v1_contactflagbias_batch_3cm_ocs2_stepdown_3cm_ctp012_r04,ocs2_stepdown_3cm,3.0,0.12,4,True,False,,0.2797,0.1562,-0.1235,2.2051,13.7222,False,False,True,
20260411_015823_ocs2_stepdown_3cm_ctp012_height_only_nominal_v1_contactflagbias_batch_3cm_ocs2_stepdown_3cm_ctp012_r05,/home/ho/ros2_ws/src/quadruped_ros2_control/evaluation/go2_terrain_eval/results/20260411_015823_ocs2_stepdown_3cm_ctp012_height_only_nominal_v1_contactflagbias_batch_3cm_ocs2_stepdown_3cm_ctp012_r05,ocs2_stepdown_3cm,3.0,0.12,5,True,False,,0.2744,0.3609,0.0865,3.2003,22.0042,True,True,True,
20260411_015858_ocs2_stepdown_3cm_ctp012_height_only_nominal_v1_contactflagbias_batch_3cm_ocs2_stepdown_3cm_ctp012_r06,/home/ho/ros2_ws/src/quadruped_ros2_control/evaluation/go2_terrain_eval/results/20260411_015858_ocs2_stepdown_3cm_ctp012_height_only_nominal_v1_contactflagbias_batch_3cm_ocs2_stepdown_3cm_ctp012_r06,ocs2_stepdown_3cm,3.0,0.12,6,True,False,,0.0005,0.0469,0.0464,0.8529,8.0809,False,False,True,
20260411_015919_ocs2_stepdown_3cm_ctp012_height_only_nominal_v1_contactflagbias_batch_3cm_ocs2_stepdown_3cm_ctp012_r07,/home/ho/ros2_ws/src/quadruped_ros2_control/evaluation/go2_terrain_eval/results/20260411_015919_ocs2_stepdown_3cm_ctp012_height_only_nominal_v1_contactflagbias_batch_3cm_ocs2_stepdown_3cm_ctp012_r07,ocs2_stepdown_3cm,3.0,0.12,7,True,False,,0.2822,0.149,-0.1332,2.4961,22.0032,True,True,True,
20260411_015954_ocs2_stepdown_3cm_ctp012_height_only_nominal_v1_contactflagbias_batch_3cm_ocs2_stepdown_3cm_ctp012_r08,/home/ho/ros2_ws/src/quadruped_ros2_control/evaluation/go2_terrain_eval/results/20260411_015954_ocs2_stepdown_3cm_ctp012_height_only_nominal_v1_contactflagbias_batch_3cm_ocs2_stepdown_3cm_ctp012_r08,ocs2_stepdown_3cm,3.0,0.12,8,True,False,,0.2791,0.2648,-0.0143,1.4492,9.3011,False,False,True,
20260411_020016_ocs2_stepdown_3cm_ctp012_height_only_nominal_v1_contactflagbias_batch_3cm_ocs2_stepdown_3cm_ctp012_r09,/home/ho/ros2_ws/src/quadruped_ros2_control/evaluation/go2_terrain_eval/results/20260411_020016_ocs2_stepdown_3cm_ctp012_height_only_nominal_v1_contactflagbias_batch_3cm_ocs2_stepdown_3cm_ctp012_r09,ocs2_stepdown_3cm,3.0,0.12,9,False,False,,0.2795,0.3186,0.0391,0.633,6.6208,False,False,False,short_duration
20260411_020036_ocs2_stepdown_3cm_ctp012_height_only_nominal_v1_contactflagbias_batch_3cm_ocs2_stepdown_3cm_ctp012_r10,/home/ho/ros2_ws/src/quadruped_ros2_control/evaluation/go2_terrain_eval/results/20260411_020036_ocs2_stepdown_3cm_ctp012_height_only_nominal_v1_contactflagbias_batch_3cm_ocs2_stepdown_3cm_ctp012_r10,ocs2_stepdown_3cm,3.0,0.12,10,True,False,,0.279,0.1491,-0.1299,0.8807,12.9612,False,False,True,
20260411_020101_ocs2_stepdown_3cm_ctp015_height_only_nominal_v1_contactflagbias_batch_3cm_ocs2_stepdown_3cm_ctp015_r01,/home/ho/ros2_ws/src/quadruped_ros2_control/evaluation/go2_terrain_eval/results/20260411_020101_ocs2_stepdown_3cm_ctp015_height_only_nominal_v1_contactflagbias_batch_3cm_ocs2_stepdown_3cm_ctp015_r01,ocs2_stepdown_3cm,3.0,0.15,1,False,False,,0.2803,0.3284,0.0481,0.055,5.3807,False,False,False,short_duration
20260411_020120_ocs2_stepdown_3cm_ctp015_height_only_nominal_v1_contactflagbias_batch_3cm_ocs2_stepdown_3cm_ctp015_r02,/home/ho/ros2_ws/src/quadruped_ros2_control/evaluation/go2_terrain_eval/results/20260411_020120_ocs2_stepdown_3cm_ctp015_height_only_nominal_v1_contactflagbias_batch_3cm_ocs2_stepdown_3cm_ctp015_r02,ocs2_stepdown_3cm,3.0,0.15,2,True,False,,0.2792,0.2401,-0.0391,1.9728,18.0219,False,False,True,
20260411_020151_ocs2_stepdown_3cm_ctp015_height_only_nominal_v1_contactflagbias_batch_3cm_ocs2_stepdown_3cm_ctp015_r03,/home/ho/ros2_ws/src/quadruped_ros2_control/evaluation/go2_terrain_eval/results/20260411_020151_ocs2_stepdown_3cm_ctp015_height_only_nominal_v1_contactflagbias_batch_3cm_ocs2_stepdown_3cm_ctp015_r03,ocs2_stepdown_3cm,3.0,0.15,3,False,False,,0.0002,0.5973,0.5971,-0.6152,6.0008,False,False,False,short_duration
20260411_020210_ocs2_stepdown_3cm_ctp015_height_only_nominal_v1_contactflagbias_batch_3cm_ocs2_stepdown_3cm_ctp015_r04,/home/ho/ros2_ws/src/quadruped_ros2_control/evaluation/go2_terrain_eval/results/20260411_020210_ocs2_stepdown_3cm_ctp015_height_only_nominal_v1_contactflagbias_batch_3cm_ocs2_stepdown_3cm_ctp015_r04,ocs2_stepdown_3cm,3.0,0.15,4,True,False,,0.2772,0.3024,0.0252,0.4374,10.9422,False,False,False,low_progress
20260411_020236_ocs2_stepdown_3cm_ctp015_height_only_nominal_v1_contactflagbias_batch_3cm_ocs2_stepdown_3cm_ctp015_r05,/home/ho/ros2_ws/src/quadruped_ros2_control/evaluation/go2_terrain_eval/results/20260411_020236_ocs2_stepdown_3cm_ctp015_height_only_nominal_v1_contactflagbias_batch_3cm_ocs2_stepdown_3cm_ctp015_r05,ocs2_stepdown_3cm,3.0,0.15,5,False,False,,0.2735,0.1487,-0.1248,-0.1084,7.5809,False,False,False,short_duration
20260411_020257_ocs2_stepdown_3cm_ctp015_height_only_nominal_v1_contactflagbias_batch_3cm_ocs2_stepdown_3cm_ctp015_r06,/home/ho/ros2_ws/src/quadruped_ros2_control/evaluation/go2_terrain_eval/results/20260411_020257_ocs2_stepdown_3cm_ctp015_height_only_nominal_v1_contactflagbias_batch_3cm_ocs2_stepdown_3cm_ctp015_r06,ocs2_stepdown_3cm,3.0,0.15,6,False,False,,0.0002,0.6696,0.6694,-0.0024,6.881,False,False,False,short_duration
20260411_020316_ocs2_stepdown_3cm_ctp015_height_only_nominal_v1_contactflagbias_batch_3cm_ocs2_stepdown_3cm_ctp015_r07,/home/ho/ros2_ws/src/quadruped_ros2_control/evaluation/go2_terrain_eval/results/20260411_020316_ocs2_stepdown_3cm_ctp015_height_only_nominal_v1_contactflagbias_batch_3cm_ocs2_stepdown_3cm_ctp015_r07,ocs2_stepdown_3cm,3.0,0.15,7,False,False,,0.2795,0.2268,-0.0527,-0.3678,6.5213,False,False,False,short_duration
20260411_020336_ocs2_stepdown_3cm_ctp015_height_only_nominal_v1_contactflagbias_batch_3cm_ocs2_stepdown_3cm_ctp015_r08,/home/ho/ros2_ws/src/quadruped_ros2_control/evaluation/go2_terrain_eval/results/20260411_020336_ocs2_stepdown_3cm_ctp015_height_only_nominal_v1_contactflagbias_batch_3cm_ocs2_stepdown_3cm_ctp015_r08,ocs2_stepdown_3cm,3.0,0.15,8,False,False,,0.0001,0.7078,0.7078,0.0726,6.3808,False,False,False,short_duration
20260411_020355_ocs2_stepdown_3cm_ctp015_height_only_nominal_v1_contactflagbias_batch_3cm_ocs2_stepdown_3cm_ctp015_r09,/home/ho/ros2_ws/src/quadruped_ros2_control/evaluation/go2_terrain_eval/results/20260411_020355_ocs2_stepdown_3cm_ctp015_height_only_nominal_v1_contactflagbias_batch_3cm_ocs2_stepdown_3cm_ctp015_r09,ocs2_stepdown_3cm,3.0,0.15,9,False,False,,0.0004,0.6998,0.6994,-0.6678,7.0018,False,False,False,short_duration
20260411_020415_ocs2_stepdown_3cm_ctp015_height_only_nominal_v1_contactflagbias_batch_3cm_ocs2_stepdown_3cm_ctp015_r10,/home/ho/ros2_ws/src/quadruped_ros2_control/evaluation/go2_terrain_eval/results/20260411_020415_ocs2_stepdown_3cm_ctp015_height_only_nominal_v1_contactflagbias_batch_3cm_ocs2_stepdown_3cm_ctp015_r10,ocs2_stepdown_3cm,3.0,0.15,10,False,False,,0.283,0.2548,-0.0283,-0.2354,6.3811,False,False,False,short_duration
20260410_231902_ocs2_stepdown_height_only_nominal_v1_contactflagbias_batch_5cm_ocs2_stepdown_r01,/home/ho/ros2_ws/src/quadruped_ros2_control/evaluation/go2_terrain_eval/results/20260410_231902_ocs2_stepdown_height_only_nominal_v1_contactflagbias_batch_5cm_ocs2_stepdown_r01,ocs2_stepdown,5.0,0.0,1,True,False,,0.2816,0.3527,0.0711,1.4179,22.0013,True,True,True,
20260410_231939_ocs2_stepdown_height_only_nominal_v1_contactflagbias_batch_5cm_ocs2_stepdown_r02,/home/ho/ros2_ws/src/quadruped_ros2_control/evaluation/go2_terrain_eval/results/20260410_231939_ocs2_stepdown_height_only_nominal_v1_contactflagbias_batch_5cm_ocs2_stepdown_r02,ocs2_stepdown,5.0,0.0,2,True,False,,0.1627,0.1021,-0.0606,0.0201,22.0014,True,True,False,low_progress
20260410_232014_ocs2_stepdown_height_only_nominal_v1_contactflagbias_batch_5cm_ocs2_stepdown_r03,/home/ho/ros2_ws/src/quadruped_ros2_control/evaluation/go2_terrain_eval/results/20260410_232014_ocs2_stepdown_height_only_nominal_v1_contactflagbias_batch_5cm_ocs2_stepdown_r03,ocs2_stepdown,5.0,0.0,3,True,False,,0.0012,0.046,0.0448,1.4292,22.0023,True,True,True,
20260410_232048_ocs2_stepdown_height_only_nominal_v1_contactflagbias_batch_5cm_ocs2_stepdown_r04,/home/ho/ros2_ws/src/quadruped_ros2_control/evaluation/go2_terrain_eval/results/20260410_232048_ocs2_stepdown_height_only_nominal_v1_contactflagbias_batch_5cm_ocs2_stepdown_r04,ocs2_stepdown,5.0,0.0,4,True,False,,0.1618,0.1014,-0.0604,0.0206,22.0021,True,True,False,low_progress
20260410_232123_ocs2_stepdown_height_only_nominal_v1_contactflagbias_batch_5cm_ocs2_stepdown_r05,/home/ho/ros2_ws/src/quadruped_ros2_control/evaluation/go2_terrain_eval/results/20260410_232123_ocs2_stepdown_height_only_nominal_v1_contactflagbias_batch_5cm_ocs2_stepdown_r05,ocs2_stepdown,5.0,0.0,5,True,False,,-0.0002,0.0851,0.0854,1.4028,22.0015,True,True,True,
20260410_232157_ocs2_stepdown_height_only_nominal_v1_contactflagbias_batch_5cm_ocs2_stepdown_r06,/home/ho/ros2_ws/src/quadruped_ros2_control/evaluation/go2_terrain_eval/results/20260410_232157_ocs2_stepdown_height_only_nominal_v1_contactflagbias_batch_5cm_ocs2_stepdown_r06,ocs2_stepdown,5.0,0.0,6,True,False,,0.0007,0.0603,0.0596,1.4201,22.0025,True,True,True,
20260410_232232_ocs2_stepdown_height_only_nominal_v1_contactflagbias_batch_5cm_ocs2_stepdown_r07,/home/ho/ros2_ws/src/quadruped_ros2_control/evaluation/go2_terrain_eval/results/20260410_232232_ocs2_stepdown_height_only_nominal_v1_contactflagbias_batch_5cm_ocs2_stepdown_r07,ocs2_stepdown,5.0,0.0,7,True,False,,0.2824,0.3527,0.0704,1.4546,22.002,True,True,True,
20260410_232306_ocs2_stepdown_height_only_nominal_v1_contactflagbias_batch_5cm_ocs2_stepdown_r08,/home/ho/ros2_ws/src/quadruped_ros2_control/evaluation/go2_terrain_eval/results/20260410_232306_ocs2_stepdown_height_only_nominal_v1_contactflagbias_batch_5cm_ocs2_stepdown_r08,ocs2_stepdown,5.0,0.0,8,True,False,,0.0009,0.057,0.0561,1.422,22.0022,True,True,True,
20260410_232339_ocs2_stepdown_height_only_nominal_v1_contactflagbias_batch_5cm_ocs2_stepdown_r09,/home/ho/ros2_ws/src/quadruped_ros2_control/evaluation/go2_terrain_eval/results/20260410_232339_ocs2_stepdown_height_only_nominal_v1_contactflagbias_batch_5cm_ocs2_stepdown_r09,ocs2_stepdown,5.0,0.0,9,True,False,,0.283,0.3528,0.0698,1.3994,22.0023,True,True,True,
20260410_232414_ocs2_stepdown_height_only_nominal_v1_contactflagbias_batch_5cm_ocs2_stepdown_r10,/home/ho/ros2_ws/src/quadruped_ros2_control/evaluation/go2_terrain_eval/results/20260410_232414_ocs2_stepdown_height_only_nominal_v1_contactflagbias_batch_5cm_ocs2_stepdown_r10,ocs2_stepdown,5.0,0.0,10,True,False,,0.0009,0.0458,0.045,1.4542,22.0022,True,True,True,
20260410_222224_ocs2_stepdown_height_only_nominal_v1_contactflagbias_d000_v1,/home/ho/ros2_ws/src/quadruped_ros2_control/evaluation/go2_terrain_eval/results/20260410_222224_ocs2_stepdown_height_only_nominal_v1_contactflagbias_d000_v1,ocs2_stepdown,5.0,0.0,,True,False,,0.2815,0.3528,0.0714,1.4584,22.0026,True,True,True,
20260410_232449_ocs2_stepdown_ctp005_height_only_nominal_v1_contactflagbias_batch_5cm_ocs2_stepdown_ctp005_r01,/home/ho/ros2_ws/src/quadruped_ros2_control/evaluation/go2_terrain_eval/results/20260410_232449_ocs2_stepdown_ctp005_height_only_nominal_v1_contactflagbias_batch_5cm_ocs2_stepdown_ctp005_r01,ocs2_stepdown,5.0,0.05,1,True,False,,0.2823,0.3523,0.07,2.3182,22.0022,True,True,True,
20260410_232523_ocs2_stepdown_ctp005_height_only_nominal_v1_contactflagbias_batch_5cm_ocs2_stepdown_ctp005_r02,/home/ho/ros2_ws/src/quadruped_ros2_control/evaluation/go2_terrain_eval/results/20260410_232523_ocs2_stepdown_ctp005_height_only_nominal_v1_contactflagbias_batch_5cm_ocs2_stepdown_ctp005_r02,ocs2_stepdown,5.0,0.05,2,True,False,,-0.0001,0.0799,0.0799,2.0231,22.002,True,True,True,
20260410_232558_ocs2_stepdown_ctp005_height_only_nominal_v1_contactflagbias_batch_5cm_ocs2_stepdown_ctp005_r03,/home/ho/ros2_ws/src/quadruped_ros2_control/evaluation/go2_terrain_eval/results/20260410_232558_ocs2_stepdown_ctp005_height_only_nominal_v1_contactflagbias_batch_5cm_ocs2_stepdown_ctp005_r03,ocs2_stepdown,5.0,0.05,3,True,False,,0.2813,0.3524,0.0711,2.2461,22.0022,True,True,True,
20260410_232632_ocs2_stepdown_ctp005_height_only_nominal_v1_contactflagbias_batch_5cm_ocs2_stepdown_ctp005_r04,/home/ho/ros2_ws/src/quadruped_ros2_control/evaluation/go2_terrain_eval/results/20260410_232632_ocs2_stepdown_ctp005_height_only_nominal_v1_contactflagbias_batch_5cm_ocs2_stepdown_ctp005_r04,ocs2_stepdown,5.0,0.05,4,True,False,,-0.0002,0.0641,0.0643,2.3321,22.002,True,True,True,
20260410_232707_ocs2_stepdown_ctp005_height_only_nominal_v1_contactflagbias_batch_5cm_ocs2_stepdown_ctp005_r05,/home/ho/ros2_ws/src/quadruped_ros2_control/evaluation/go2_terrain_eval/results/20260410_232707_ocs2_stepdown_ctp005_height_only_nominal_v1_contactflagbias_batch_5cm_ocs2_stepdown_ctp005_r05,ocs2_stepdown,5.0,0.05,5,True,False,,0.1613,0.1018,-0.0595,0.0207,22.0022,True,True,False,low_progress
20260410_232740_ocs2_stepdown_ctp005_height_only_nominal_v1_contactflagbias_batch_5cm_ocs2_stepdown_ctp005_r06,/home/ho/ros2_ws/src/quadruped_ros2_control/evaluation/go2_terrain_eval/results/20260410_232740_ocs2_stepdown_ctp005_height_only_nominal_v1_contactflagbias_batch_5cm_ocs2_stepdown_ctp005_r06,ocs2_stepdown,5.0,0.05,6,True,False,,0.2809,0.3524,0.0714,2.3463,22.0021,True,True,True,
20260410_232815_ocs2_stepdown_ctp005_height_only_nominal_v1_contactflagbias_batch_5cm_ocs2_stepdown_ctp005_r07,/home/ho/ros2_ws/src/quadruped_ros2_control/evaluation/go2_terrain_eval/results/20260410_232815_ocs2_stepdown_ctp005_height_only_nominal_v1_contactflagbias_batch_5cm_ocs2_stepdown_ctp005_r07,ocs2_stepdown,5.0,0.05,7,True,False,,-0.0,0.1419,0.142,2.2427,22.0025,True,True,True,
20260410_232850_ocs2_stepdown_ctp005_height_only_nominal_v1_contactflagbias_batch_5cm_ocs2_stepdown_ctp005_r08,/home/ho/ros2_ws/src/quadruped_ros2_control/evaluation/go2_terrain_eval/results/20260410_232850_ocs2_stepdown_ctp005_height_only_nominal_v1_contactflagbias_batch_5cm_ocs2_stepdown_ctp005_r08,ocs2_stepdown,5.0,0.05,8,True,False,,0.2816,0.3524,0.0708,2.0332,22.0015,True,True,True,
20260410_232924_ocs2_stepdown_ctp005_height_only_nominal_v1_contactflagbias_batch_5cm_ocs2_stepdown_ctp005_r09,/home/ho/ros2_ws/src/quadruped_ros2_control/evaluation/go2_terrain_eval/results/20260410_232924_ocs2_stepdown_ctp005_height_only_nominal_v1_contactflagbias_batch_5cm_ocs2_stepdown_ctp005_r09,ocs2_stepdown,5.0,0.05,9,True,False,,0.0,0.0251,0.0251,2.3081,22.0021,True,True,True,
20260410_232958_ocs2_stepdown_ctp005_height_only_nominal_v1_contactflagbias_batch_5cm_ocs2_stepdown_ctp005_r10,/home/ho/ros2_ws/src/quadruped_ros2_control/evaluation/go2_terrain_eval/results/20260410_232958_ocs2_stepdown_ctp005_height_only_nominal_v1_contactflagbias_batch_5cm_ocs2_stepdown_ctp005_r10,ocs2_stepdown,5.0,0.05,10,True,False,,0.2829,0.3524,0.0694,2.3299,22.0024,True,True,True,
20260410_222758_ocs2_stepdown_ctp005_height_only_nominal_v1_contactflagbias_p005_v1,/home/ho/ros2_ws/src/quadruped_ros2_control/evaluation/go2_terrain_eval/results/20260410_222758_ocs2_stepdown_ctp005_height_only_nominal_v1_contactflagbias_p005_v1,ocs2_stepdown,5.0,0.05,,True,False,,0.2805,0.3524,0.0719,2.3065,22.0019,True,True,True,
20260410_233036_ocs2_stepdown_ctp007_height_only_nominal_v1_contactflagbias_batch_5cm_ocs2_stepdown_ctp007_r01,/home/ho/ros2_ws/src/quadruped_ros2_control/evaluation/go2_terrain_eval/results/20260410_233036_ocs2_stepdown_ctp007_height_only_nominal_v1_contactflagbias_batch_5cm_ocs2_stepdown_ctp007_r01,ocs2_stepdown,5.0,0.07,1,True,False,,-0.0003,0.2287,0.229,2.7311,22.0024,True,True,True,
20260410_233110_ocs2_stepdown_ctp007_height_only_nominal_v1_contactflagbias_batch_5cm_ocs2_stepdown_ctp007_r02,/home/ho/ros2_ws/src/quadruped_ros2_control/evaluation/go2_terrain_eval/results/20260410_233110_ocs2_stepdown_ctp007_height_only_nominal_v1_contactflagbias_batch_5cm_ocs2_stepdown_ctp007_r02,ocs2_stepdown,5.0,0.07,2,True,False,,0.164,0.1022,-0.0618,0.0206,22.0024,True,True,False,low_progress
20260410_233143_ocs2_stepdown_ctp007_height_only_nominal_v1_contactflagbias_batch_5cm_ocs2_stepdown_ctp007_r03,/home/ho/ros2_ws/src/quadruped_ros2_control/evaluation/go2_terrain_eval/results/20260410_233143_ocs2_stepdown_ctp007_height_only_nominal_v1_contactflagbias_batch_5cm_ocs2_stepdown_ctp007_r03,ocs2_stepdown,5.0,0.07,3,True,False,,-0.0002,0.309,0.3091,2.7425,22.0024,True,True,True,
20260410_233218_ocs2_stepdown_ctp007_height_only_nominal_v1_contactflagbias_batch_5cm_ocs2_stepdown_ctp007_r04,/home/ho/ros2_ws/src/quadruped_ros2_control/evaluation/go2_terrain_eval/results/20260410_233218_ocs2_stepdown_ctp007_height_only_nominal_v1_contactflagbias_batch_5cm_ocs2_stepdown_ctp007_r04,ocs2_stepdown,5.0,0.07,4,True,False,,-0.0001,0.305,0.3051,2.7374,22.0024,True,True,True,
20260410_233253_ocs2_stepdown_ctp007_height_only_nominal_v1_contactflagbias_batch_5cm_ocs2_stepdown_ctp007_r05,/home/ho/ros2_ws/src/quadruped_ros2_control/evaluation/go2_terrain_eval/results/20260410_233253_ocs2_stepdown_ctp007_height_only_nominal_v1_contactflagbias_batch_5cm_ocs2_stepdown_ctp007_r05,ocs2_stepdown,5.0,0.07,5,True,False,,0.0002,0.0667,0.0666,2.7049,22.0021,True,True,True,
20260410_233326_ocs2_stepdown_ctp007_height_only_nominal_v1_contactflagbias_batch_5cm_ocs2_stepdown_ctp007_r06,/home/ho/ros2_ws/src/quadruped_ros2_control/evaluation/go2_terrain_eval/results/20260410_233326_ocs2_stepdown_ctp007_height_only_nominal_v1_contactflagbias_batch_5cm_ocs2_stepdown_ctp007_r06,ocs2_stepdown,5.0,0.07,6,True,False,,0.0001,0.3398,0.3397,2.7286,22.0023,True,True,True,
20260410_233401_ocs2_stepdown_ctp007_height_only_nominal_v1_contactflagbias_batch_5cm_ocs2_stepdown_ctp007_r07,/home/ho/ros2_ws/src/quadruped_ros2_control/evaluation/go2_terrain_eval/results/20260410_233401_ocs2_stepdown_ctp007_height_only_nominal_v1_contactflagbias_batch_5cm_ocs2_stepdown_ctp007_r07,ocs2_stepdown,5.0,0.07,7,True,False,,0.0001,0.0855,0.0854,2.7141,22.0016,True,True,True,
20260410_233436_ocs2_stepdown_ctp007_height_only_nominal_v1_contactflagbias_batch_5cm_ocs2_stepdown_ctp007_r08,/home/ho/ros2_ws/src/quadruped_ros2_control/evaluation/go2_terrain_eval/results/20260410_233436_ocs2_stepdown_ctp007_height_only_nominal_v1_contactflagbias_batch_5cm_ocs2_stepdown_ctp007_r08,ocs2_stepdown,5.0,0.07,8,True,False,,-0.0,0.4427,0.4427,2.6959,22.0023,True,True,True,
20260410_233510_ocs2_stepdown_ctp007_height_only_nominal_v1_contactflagbias_batch_5cm_ocs2_stepdown_ctp007_r09,/home/ho/ros2_ws/src/quadruped_ros2_control/evaluation/go2_terrain_eval/results/20260410_233510_ocs2_stepdown_ctp007_height_only_nominal_v1_contactflagbias_batch_5cm_ocs2_stepdown_ctp007_r09,ocs2_stepdown,5.0,0.07,9,True,False,,-0.0002,0.3808,0.381,2.6723,22.0016,True,True,True,
20260410_233545_ocs2_stepdown_ctp007_height_only_nominal_v1_contactflagbias_batch_5cm_ocs2_stepdown_ctp007_r10,/home/ho/ros2_ws/src/quadruped_ros2_control/evaluation/go2_terrain_eval/results/20260410_233545_ocs2_stepdown_ctp007_height_only_nominal_v1_contactflagbias_batch_5cm_ocs2_stepdown_ctp007_r10,ocs2_stepdown,5.0,0.07,10,True,False,,0.0002,0.3507,0.3505,2.6881,22.0022,True,True,True,
20260410_223050_ocs2_stepdown_ctp007_height_only_nominal_v1_contactflagbias_p007_v1,/home/ho/ros2_ws/src/quadruped_ros2_control/evaluation/go2_terrain_eval/results/20260410_223050_ocs2_stepdown_ctp007_height_only_nominal_v1_contactflagbias_p007_v1,ocs2_stepdown,5.0,0.07,,True,False,,0.1619,0.1021,-0.0598,0.02,22.0022,True,True,False,low_progress
20260410_223129_ocs2_stepdown_ctp007_height_only_nominal_v1_contactflagbias_p007_rerun_v2,/home/ho/ros2_ws/src/quadruped_ros2_control/evaluation/go2_terrain_eval/results/20260410_223129_ocs2_stepdown_ctp007_height_only_nominal_v1_contactflagbias_p007_rerun_v2,ocs2_stepdown,5.0,0.07,,True,False,,0.1611,0.1007,-0.0603,0.0202,22.002,True,True,False,low_progress
20260410_223356_ocs2_stepdown_ctp007_height_only_nominal_v1_contactflagbias_p007_rerun_v3,/home/ho/ros2_ws/src/quadruped_ros2_control/evaluation/go2_terrain_eval/results/20260410_223356_ocs2_stepdown_ctp007_height_only_nominal_v1_contactflagbias_p007_rerun_v3,ocs2_stepdown,5.0,0.07,,True,False,,0.2825,0.3529,0.0704,2.6727,22.0022,True,True,True,
20260410_233620_ocs2_stepdown_ctp008_height_only_nominal_v1_contactflagbias_batch_5cm_ocs2_stepdown_ctp008_r01,/home/ho/ros2_ws/src/quadruped_ros2_control/evaluation/go2_terrain_eval/results/20260410_233620_ocs2_stepdown_ctp008_height_only_nominal_v1_contactflagbias_batch_5cm_ocs2_stepdown_ctp008_r01,ocs2_stepdown,5.0,0.08,1,True,False,,0.2815,0.3527,0.0711,2.8511,22.0023,True,True,True,
20260410_233653_ocs2_stepdown_ctp008_height_only_nominal_v1_contactflagbias_batch_5cm_ocs2_stepdown_ctp008_r02,/home/ho/ros2_ws/src/quadruped_ros2_control/evaluation/go2_terrain_eval/results/20260410_233653_ocs2_stepdown_ctp008_height_only_nominal_v1_contactflagbias_batch_5cm_ocs2_stepdown_ctp008_r02,ocs2_stepdown,5.0,0.08,2,True,False,,0.2811,0.3529,0.0718,2.896,22.0015,True,True,True,
20260410_233727_ocs2_stepdown_ctp008_height_only_nominal_v1_contactflagbias_batch_5cm_ocs2_stepdown_ctp008_r03,/home/ho/ros2_ws/src/quadruped_ros2_control/evaluation/go2_terrain_eval/results/20260410_233727_ocs2_stepdown_ctp008_height_only_nominal_v1_contactflagbias_batch_5cm_ocs2_stepdown_ctp008_r03,ocs2_stepdown,5.0,0.08,3,True,False,,0.2824,0.3522,0.0697,2.8473,22.0022,True,True,True,
20260410_233802_ocs2_stepdown_ctp008_height_only_nominal_v1_contactflagbias_batch_5cm_ocs2_stepdown_ctp008_r04,/home/ho/ros2_ws/src/quadruped_ros2_control/evaluation/go2_terrain_eval/results/20260410_233802_ocs2_stepdown_ctp008_height_only_nominal_v1_contactflagbias_batch_5cm_ocs2_stepdown_ctp008_r04,ocs2_stepdown,5.0,0.08,4,True,False,,0.2809,0.3537,0.0729,2.8519,22.0023,True,True,True,
20260410_233836_ocs2_stepdown_ctp008_height_only_nominal_v1_contactflagbias_batch_5cm_ocs2_stepdown_ctp008_r05,/home/ho/ros2_ws/src/quadruped_ros2_control/evaluation/go2_terrain_eval/results/20260410_233836_ocs2_stepdown_ctp008_height_only_nominal_v1_contactflagbias_batch_5cm_ocs2_stepdown_ctp008_r05,ocs2_stepdown,5.0,0.08,5,True,False,,0.2819,0.3522,0.0703,2.8294,22.0022,True,True,True,
20260410_233911_ocs2_stepdown_ctp008_height_only_nominal_v1_contactflagbias_batch_5cm_ocs2_stepdown_ctp008_r06,/home/ho/ros2_ws/src/quadruped_ros2_control/evaluation/go2_terrain_eval/results/20260410_233911_ocs2_stepdown_ctp008_height_only_nominal_v1_contactflagbias_batch_5cm_ocs2_stepdown_ctp008_r06,ocs2_stepdown,5.0,0.08,6,True,False,,0.2802,0.3533,0.0731,3.0881,22.0024,True,True,True,
20260410_233945_ocs2_stepdown_ctp008_height_only_nominal_v1_contactflagbias_batch_5cm_ocs2_stepdown_ctp008_r07,/home/ho/ros2_ws/src/quadruped_ros2_control/evaluation/go2_terrain_eval/results/20260410_233945_ocs2_stepdown_ctp008_height_only_nominal_v1_contactflagbias_batch_5cm_ocs2_stepdown_ctp008_r07,ocs2_stepdown,5.0,0.08,7,True,False,,0.2826,0.3523,0.0697,2.8566,22.0025,True,True,True,
20260410_234019_ocs2_stepdown_ctp008_height_only_nominal_v1_contactflagbias_batch_5cm_ocs2_stepdown_ctp008_r08,/home/ho/ros2_ws/src/quadruped_ros2_control/evaluation/go2_terrain_eval/results/20260410_234019_ocs2_stepdown_ctp008_height_only_nominal_v1_contactflagbias_batch_5cm_ocs2_stepdown_ctp008_r08,ocs2_stepdown,5.0,0.08,8,True,False,,0.2824,0.3523,0.0699,2.8175,22.0022,True,True,True,
20260410_234057_ocs2_stepdown_ctp008_height_only_nominal_v1_contactflagbias_batch_5cm_ocs2_stepdown_ctp008_r09,/home/ho/ros2_ws/src/quadruped_ros2_control/evaluation/go2_terrain_eval/results/20260410_234057_ocs2_stepdown_ctp008_height_only_nominal_v1_contactflagbias_batch_5cm_ocs2_stepdown_ctp008_r09,ocs2_stepdown,5.0,0.08,9,True,False,,0.281,0.3525,0.0715,2.8551,22.0024,True,True,True,
20260410_234132_ocs2_stepdown_ctp008_height_only_nominal_v1_contactflagbias_batch_5cm_ocs2_stepdown_ctp008_r10,/home/ho/ros2_ws/src/quadruped_ros2_control/evaluation/go2_terrain_eval/results/20260410_234132_ocs2_stepdown_ctp008_height_only_nominal_v1_contactflagbias_batch_5cm_ocs2_stepdown_ctp008_r10,ocs2_stepdown,5.0,0.08,10,True,False,,0.1606,0.1018,-0.0588,0.0204,22.0023,True,True,False,low_progress
20260410_223520_ocs2_stepdown_ctp008_height_only_nominal_v1_contactflagbias_p008_v1,/home/ho/ros2_ws/src/quadruped_ros2_control/evaluation/go2_terrain_eval/results/20260410_223520_ocs2_stepdown_ctp008_height_only_nominal_v1_contactflagbias_p008_v1,ocs2_stepdown,5.0,0.08,,True,False,,0.2799,0.354,0.0741,3.1013,22.002,True,True,True,
20260410_234205_ocs2_stepdown_ctp009_height_only_nominal_v1_contactflagbias_batch_5cm_ocs2_stepdown_ctp009_r01,/home/ho/ros2_ws/src/quadruped_ros2_control/evaluation/go2_terrain_eval/results/20260410_234205_ocs2_stepdown_ctp009_height_only_nominal_v1_contactflagbias_batch_5cm_ocs2_stepdown_ctp009_r01,ocs2_stepdown,5.0,0.09,1,True,False,,0.1628,0.1012,-0.0616,0.0199,22.0021,True,True,False,low_progress
20260410_234239_ocs2_stepdown_ctp009_height_only_nominal_v1_contactflagbias_batch_5cm_ocs2_stepdown_ctp009_r02,/home/ho/ros2_ws/src/quadruped_ros2_control/evaluation/go2_terrain_eval/results/20260410_234239_ocs2_stepdown_ctp009_height_only_nominal_v1_contactflagbias_batch_5cm_ocs2_stepdown_ctp009_r02,ocs2_stepdown,5.0,0.09,2,True,False,,0.2828,0.3541,0.0713,3.25,22.0017,True,True,True,
20260410_234314_ocs2_stepdown_ctp009_height_only_nominal_v1_contactflagbias_batch_5cm_ocs2_stepdown_ctp009_r03,/home/ho/ros2_ws/src/quadruped_ros2_control/evaluation/go2_terrain_eval/results/20260410_234314_ocs2_stepdown_ctp009_height_only_nominal_v1_contactflagbias_batch_5cm_ocs2_stepdown_ctp009_r03,ocs2_stepdown,5.0,0.09,3,True,False,,0.2827,0.354,0.0713,3.1965,22.0023,True,True,True,
20260410_234347_ocs2_stepdown_ctp009_height_only_nominal_v1_contactflagbias_batch_5cm_ocs2_stepdown_ctp009_r04,/home/ho/ros2_ws/src/quadruped_ros2_control/evaluation/go2_terrain_eval/results/20260410_234347_ocs2_stepdown_ctp009_height_only_nominal_v1_contactflagbias_batch_5cm_ocs2_stepdown_ctp009_r04,ocs2_stepdown,5.0,0.09,4,True,False,,0.001,0.1472,0.1462,3.1666,22.0024,True,True,True,
20260410_234422_ocs2_stepdown_ctp009_height_only_nominal_v1_contactflagbias_batch_5cm_ocs2_stepdown_ctp009_r05,/home/ho/ros2_ws/src/quadruped_ros2_control/evaluation/go2_terrain_eval/results/20260410_234422_ocs2_stepdown_ctp009_height_only_nominal_v1_contactflagbias_batch_5cm_ocs2_stepdown_ctp009_r05,ocs2_stepdown,5.0,0.09,5,True,False,,0.0004,0.1108,0.1104,3.0846,22.0024,True,True,True,
20260410_234457_ocs2_stepdown_ctp009_height_only_nominal_v1_contactflagbias_batch_5cm_ocs2_stepdown_ctp009_r06,/home/ho/ros2_ws/src/quadruped_ros2_control/evaluation/go2_terrain_eval/results/20260410_234457_ocs2_stepdown_ctp009_height_only_nominal_v1_contactflagbias_batch_5cm_ocs2_stepdown_ctp009_r06,ocs2_stepdown,5.0,0.09,6,True,False,,0.2812,0.2454,-0.0358,1.3106,10.781,False,False,True,
20260410_234519_ocs2_stepdown_ctp009_height_only_nominal_v1_contactflagbias_batch_5cm_ocs2_stepdown_ctp009_r07,/home/ho/ros2_ws/src/quadruped_ros2_control/evaluation/go2_terrain_eval/results/20260410_234519_ocs2_stepdown_ctp009_height_only_nominal_v1_contactflagbias_batch_5cm_ocs2_stepdown_ctp009_r07,ocs2_stepdown,5.0,0.09,7,True,False,,0.2814,0.3533,0.0719,3.1419,22.0013,True,True,True,
20260410_234553_ocs2_stepdown_ctp009_height_only_nominal_v1_contactflagbias_batch_5cm_ocs2_stepdown_ctp009_r08,/home/ho/ros2_ws/src/quadruped_ros2_control/evaluation/go2_terrain_eval/results/20260410_234553_ocs2_stepdown_ctp009_height_only_nominal_v1_contactflagbias_batch_5cm_ocs2_stepdown_ctp009_r08,ocs2_stepdown,5.0,0.09,8,True,False,,0.282,0.3539,0.0719,3.4369,22.0022,True,True,True,
20260410_234626_ocs2_stepdown_ctp009_height_only_nominal_v1_contactflagbias_batch_5cm_ocs2_stepdown_ctp009_r09,/home/ho/ros2_ws/src/quadruped_ros2_control/evaluation/go2_terrain_eval/results/20260410_234626_ocs2_stepdown_ctp009_height_only_nominal_v1_contactflagbias_batch_5cm_ocs2_stepdown_ctp009_r09,ocs2_stepdown,5.0,0.09,9,True,False,,0.2828,0.3484,0.0656,2.5964,22.0024,True,True,True,
20260410_234700_ocs2_stepdown_ctp009_height_only_nominal_v1_contactflagbias_batch_5cm_ocs2_stepdown_ctp009_r10,/home/ho/ros2_ws/src/quadruped_ros2_control/evaluation/go2_terrain_eval/results/20260410_234700_ocs2_stepdown_ctp009_height_only_nominal_v1_contactflagbias_batch_5cm_ocs2_stepdown_ctp009_r10,ocs2_stepdown,5.0,0.09,10,True,False,,0.2812,0.3521,0.0709,2.7409,22.0024,True,True,True,
20260410_230404_ocs2_stepdown_ctp009_height_only_nominal_v1_contactflagbias_p009_v1,/home/ho/ros2_ws/src/quadruped_ros2_control/evaluation/go2_terrain_eval/results/20260410_230404_ocs2_stepdown_ctp009_height_only_nominal_v1_contactflagbias_p009_v1,ocs2_stepdown,5.0,0.09,,True,False,,0.283,0.3538,0.0708,3.1488,22.0022,True,True,True,
20260410_234735_ocs2_stepdown_ctp010_height_only_nominal_v1_contactflagbias_batch_5cm_ocs2_stepdown_ctp010_r01,/home/ho/ros2_ws/src/quadruped_ros2_control/evaluation/go2_terrain_eval/results/20260410_234735_ocs2_stepdown_ctp010_height_only_nominal_v1_contactflagbias_batch_5cm_ocs2_stepdown_ctp010_r01,ocs2_stepdown,5.0,0.1,1,True,False,,0.2814,0.3536,0.0723,3.458,22.0023,True,True,True,
20260410_234809_ocs2_stepdown_ctp010_height_only_nominal_v1_contactflagbias_batch_5cm_ocs2_stepdown_ctp010_r02,/home/ho/ros2_ws/src/quadruped_ros2_control/evaluation/go2_terrain_eval/results/20260410_234809_ocs2_stepdown_ctp010_height_only_nominal_v1_contactflagbias_batch_5cm_ocs2_stepdown_ctp010_r02,ocs2_stepdown,5.0,0.1,2,False,False,,0.2808,0.3043,0.0234,1.0492,7.8008,False,False,False,short_duration
20260410_234829_ocs2_stepdown_ctp010_height_only_nominal_v1_contactflagbias_batch_5cm_ocs2_stepdown_ctp010_r03,/home/ho/ros2_ws/src/quadruped_ros2_control/evaluation/go2_terrain_eval/results/20260410_234829_ocs2_stepdown_ctp010_height_only_nominal_v1_contactflagbias_batch_5cm_ocs2_stepdown_ctp010_r03,ocs2_stepdown,5.0,0.1,3,True,False,,0.2821,0.3542,0.0721,3.9719,22.0023,True,True,True,
20260410_234903_ocs2_stepdown_ctp010_height_only_nominal_v1_contactflagbias_batch_5cm_ocs2_stepdown_ctp010_r04,/home/ho/ros2_ws/src/quadruped_ros2_control/evaluation/go2_terrain_eval/results/20260410_234903_ocs2_stepdown_ctp010_height_only_nominal_v1_contactflagbias_batch_5cm_ocs2_stepdown_ctp010_r04,ocs2_stepdown,5.0,0.1,4,True,False,,0.2818,0.3531,0.0713,3.3349,22.0017,True,True,True,
20260410_234938_ocs2_stepdown_ctp010_height_only_nominal_v1_contactflagbias_batch_5cm_ocs2_stepdown_ctp010_r05,/home/ho/ros2_ws/src/quadruped_ros2_control/evaluation/go2_terrain_eval/results/20260410_234938_ocs2_stepdown_ctp010_height_only_nominal_v1_contactflagbias_batch_5cm_ocs2_stepdown_ctp010_r05,ocs2_stepdown,5.0,0.1,5,True,False,,0.2826,0.1257,-0.1569,1.6129,11.5411,False,False,True,
20260410_235002_ocs2_stepdown_ctp010_height_only_nominal_v1_contactflagbias_batch_5cm_ocs2_stepdown_ctp010_r06,/home/ho/ros2_ws/src/quadruped_ros2_control/evaluation/go2_terrain_eval/results/20260410_235002_ocs2_stepdown_ctp010_height_only_nominal_v1_contactflagbias_batch_5cm_ocs2_stepdown_ctp010_r06,ocs2_stepdown,5.0,0.1,6,True,False,,0.2818,0.3536,0.0718,2.9928,22.0018,True,True,True,
20260410_235036_ocs2_stepdown_ctp010_height_only_nominal_v1_contactflagbias_batch_5cm_ocs2_stepdown_ctp010_r07,/home/ho/ros2_ws/src/quadruped_ros2_control/evaluation/go2_terrain_eval/results/20260410_235036_ocs2_stepdown_ctp010_height_only_nominal_v1_contactflagbias_batch_5cm_ocs2_stepdown_ctp010_r07,ocs2_stepdown,5.0,0.1,7,True,False,,0.0,0.5239,0.5239,0.8366,9.4207,False,False,True,
20260410_235102_ocs2_stepdown_ctp010_height_only_nominal_v1_contactflagbias_batch_5cm_ocs2_stepdown_ctp010_r08,/home/ho/ros2_ws/src/quadruped_ros2_control/evaluation/go2_terrain_eval/results/20260410_235102_ocs2_stepdown_ctp010_height_only_nominal_v1_contactflagbias_batch_5cm_ocs2_stepdown_ctp010_r08,ocs2_stepdown,5.0,0.1,8,True,False,,-0.0005,0.0559,0.0564,3.7329,22.0023,True,True,True,
20260410_235140_ocs2_stepdown_ctp010_height_only_nominal_v1_contactflagbias_batch_5cm_ocs2_stepdown_ctp010_r09,/home/ho/ros2_ws/src/quadruped_ros2_control/evaluation/go2_terrain_eval/results/20260410_235140_ocs2_stepdown_ctp010_height_only_nominal_v1_contactflagbias_batch_5cm_ocs2_stepdown_ctp010_r09,ocs2_stepdown,5.0,0.1,9,False,False,,0.2811,0.3141,0.033,0.915,7.441,False,False,False,short_duration
20260410_235200_ocs2_stepdown_ctp010_height_only_nominal_v1_contactflagbias_batch_5cm_ocs2_stepdown_ctp010_r10,/home/ho/ros2_ws/src/quadruped_ros2_control/evaluation/go2_terrain_eval/results/20260410_235200_ocs2_stepdown_ctp010_height_only_nominal_v1_contactflagbias_batch_5cm_ocs2_stepdown_ctp010_r10,ocs2_stepdown,5.0,0.1,10,True,False,,0.2804,0.136,-0.1444,1.819,12.5812,False,False,True,
20260410_222622_ocs2_stepdown_ctp010_height_only_nominal_v1_contactflagbias_p010_v2,/home/ho/ros2_ws/src/quadruped_ros2_control/evaluation/go2_terrain_eval/results/20260410_222622_ocs2_stepdown_ctp010_height_only_nominal_v1_contactflagbias_p010_v2,ocs2_stepdown,5.0,0.1,,True,False,,0.2803,0.3535,0.0732,3.3725,22.0026,True,True,True,
20260410_224624_ocs2_stepdown_ctp010_height_only_nominal_v1_contactflagbias_p010_rerun_v3,/home/ho/ros2_ws/src/quadruped_ros2_control/evaluation/go2_terrain_eval/results/20260410_224624_ocs2_stepdown_ctp010_height_only_nominal_v1_contactflagbias_p010_rerun_v3,ocs2_stepdown,5.0,0.1,,True,False,,0.282,0.3543,0.0723,3.324,22.0023,True,True,True,
20260410_235226_ocs2_stepdown_ctp012_height_only_nominal_v1_contactflagbias_batch_5cm_ocs2_stepdown_ctp012_r01,/home/ho/ros2_ws/src/quadruped_ros2_control/evaluation/go2_terrain_eval/results/20260410_235226_ocs2_stepdown_ctp012_height_only_nominal_v1_contactflagbias_batch_5cm_ocs2_stepdown_ctp012_r01,ocs2_stepdown,5.0,0.12,1,False,False,,0.2825,0.3158,0.0333,0.4394,5.8207,False,False,False,short_duration
20260410_235243_ocs2_stepdown_ctp012_height_only_nominal_v1_contactflagbias_batch_5cm_ocs2_stepdown_ctp012_r02,/home/ho/ros2_ws/src/quadruped_ros2_control/evaluation/go2_terrain_eval/results/20260410_235243_ocs2_stepdown_ctp012_height_only_nominal_v1_contactflagbias_batch_5cm_ocs2_stepdown_ctp012_r02,ocs2_stepdown,5.0,0.12,2,True,False,,0.2823,0.2417,-0.0406,0.1167,13.181,False,False,False,low_progress
20260410_235309_ocs2_stepdown_ctp012_height_only_nominal_v1_contactflagbias_batch_5cm_ocs2_stepdown_ctp012_r03,/home/ho/ros2_ws/src/quadruped_ros2_control/evaluation/go2_terrain_eval/results/20260410_235309_ocs2_stepdown_ctp012_height_only_nominal_v1_contactflagbias_batch_5cm_ocs2_stepdown_ctp012_r03,ocs2_stepdown,5.0,0.12,3,False,False,,0.2811,0.3312,0.0501,0.5113,6.2006,False,False,False,short_duration
20260410_235328_ocs2_stepdown_ctp012_height_only_nominal_v1_contactflagbias_batch_5cm_ocs2_stepdown_ctp012_r04,/home/ho/ros2_ws/src/quadruped_ros2_control/evaluation/go2_terrain_eval/results/20260410_235328_ocs2_stepdown_ctp012_height_only_nominal_v1_contactflagbias_batch_5cm_ocs2_stepdown_ctp012_r04,ocs2_stepdown,5.0,0.12,4,True,False,,0.2823,0.259,-0.0233,0.5569,9.921,False,False,True,
20260410_235350_ocs2_stepdown_ctp012_height_only_nominal_v1_contactflagbias_batch_5cm_ocs2_stepdown_ctp012_r05,/home/ho/ros2_ws/src/quadruped_ros2_control/evaluation/go2_terrain_eval/results/20260410_235350_ocs2_stepdown_ctp012_height_only_nominal_v1_contactflagbias_batch_5cm_ocs2_stepdown_ctp012_r05,ocs2_stepdown,5.0,0.12,5,False,False,,0.2811,0.3026,0.0215,0.5319,6.1605,False,False,False,short_duration
20260410_235408_ocs2_stepdown_ctp012_height_only_nominal_v1_contactflagbias_batch_5cm_ocs2_stepdown_ctp012_r06,/home/ho/ros2_ws/src/quadruped_ros2_control/evaluation/go2_terrain_eval/results/20260410_235408_ocs2_stepdown_ctp012_height_only_nominal_v1_contactflagbias_batch_5cm_ocs2_stepdown_ctp012_r06,ocs2_stepdown,5.0,0.12,6,True,False,,0.163,0.1019,-0.061,0.0205,22.0024,True,True,False,low_progress
20260410_235442_ocs2_stepdown_ctp012_height_only_nominal_v1_contactflagbias_batch_5cm_ocs2_stepdown_ctp012_r07,/home/ho/ros2_ws/src/quadruped_ros2_control/evaluation/go2_terrain_eval/results/20260410_235442_ocs2_stepdown_ctp012_height_only_nominal_v1_contactflagbias_batch_5cm_ocs2_stepdown_ctp012_r07,ocs2_stepdown,5.0,0.12,7,False,False,,0.2823,0.3111,0.0287,0.4763,5.7806,False,False,False,short_duration
20260410_235501_ocs2_stepdown_ctp012_height_only_nominal_v1_contactflagbias_batch_5cm_ocs2_stepdown_ctp012_r08,/home/ho/ros2_ws/src/quadruped_ros2_control/evaluation/go2_terrain_eval/results/20260410_235501_ocs2_stepdown_ctp012_height_only_nominal_v1_contactflagbias_batch_5cm_ocs2_stepdown_ctp012_r08,ocs2_stepdown,5.0,0.12,8,True,False,,0.2814,0.1299,-0.1516,1.2645,11.5809,False,False,True,
20260410_235525_ocs2_stepdown_ctp012_height_only_nominal_v1_contactflagbias_batch_5cm_ocs2_stepdown_ctp012_r09,/home/ho/ros2_ws/src/quadruped_ros2_control/evaluation/go2_terrain_eval/results/20260410_235525_ocs2_stepdown_ctp012_height_only_nominal_v1_contactflagbias_batch_5cm_ocs2_stepdown_ctp012_r09,ocs2_stepdown,5.0,0.12,9,False,False,,-0.0001,0.2525,0.2525,0.8426,6.9007,False,False,False,short_duration
20260410_235544_ocs2_stepdown_ctp012_height_only_nominal_v1_contactflagbias_batch_5cm_ocs2_stepdown_ctp012_r10,/home/ho/ros2_ws/src/quadruped_ros2_control/evaluation/go2_terrain_eval/results/20260410_235544_ocs2_stepdown_ctp012_height_only_nominal_v1_contactflagbias_batch_5cm_ocs2_stepdown_ctp012_r10,ocs2_stepdown,5.0,0.12,10,True,False,,0.1638,0.102,-0.0618,0.0222,22.0024,True,True,False,low_progress
20260410_224332_ocs2_stepdown_ctp012_height_only_nominal_v1_contactflagbias_p012_v1,/home/ho/ros2_ws/src/quadruped_ros2_control/evaluation/go2_terrain_eval/results/20260410_224332_ocs2_stepdown_ctp012_height_only_nominal_v1_contactflagbias_p012_v1,ocs2_stepdown,5.0,0.12,,True,False,,0.1166,0.1166,0.0,0.0071,22.0013,True,True,False,low_progress
20260410_224412_ocs2_stepdown_ctp012_height_only_nominal_v1_contactflagbias_p012_rerun_v2,/home/ho/ros2_ws/src/quadruped_ros2_control/evaluation/go2_terrain_eval/results/20260410_224412_ocs2_stepdown_ctp012_height_only_nominal_v1_contactflagbias_p012_rerun_v2,ocs2_stepdown,5.0,0.12,,True,False,,0.2823,0.2118,-0.0705,0.5089,11.5609,False,False,True,
20260410_235618_ocs2_stepdown_ctp015_height_only_nominal_v1_contactflagbias_batch_5cm_ocs2_stepdown_ctp015_r01,/home/ho/ros2_ws/src/quadruped_ros2_control/evaluation/go2_terrain_eval/results/20260410_235618_ocs2_stepdown_ctp015_height_only_nominal_v1_contactflagbias_batch_5cm_ocs2_stepdown_ctp015_r01,ocs2_stepdown,5.0,0.15,1,True,False,,0.2807,0.2451,-0.0355,-0.8393,8.0809,False,False,False,low_progress
20260410_235639_ocs2_stepdown_ctp015_height_only_nominal_v1_contactflagbias_batch_5cm_ocs2_stepdown_ctp015_r02,/home/ho/ros2_ws/src/quadruped_ros2_control/evaluation/go2_terrain_eval/results/20260410_235639_ocs2_stepdown_ctp015_height_only_nominal_v1_contactflagbias_batch_5cm_ocs2_stepdown_ctp015_r02,ocs2_stepdown,5.0,0.15,2,False,False,,0.2813,0.1814,-0.1,-0.3442,6.9808,False,False,False,short_duration
20260410_235658_ocs2_stepdown_ctp015_height_only_nominal_v1_contactflagbias_batch_5cm_ocs2_stepdown_ctp015_r03,/home/ho/ros2_ws/src/quadruped_ros2_control/evaluation/go2_terrain_eval/results/20260410_235658_ocs2_stepdown_ctp015_height_only_nominal_v1_contactflagbias_batch_5cm_ocs2_stepdown_ctp015_r03,ocs2_stepdown,5.0,0.15,3,False,False,,-0.0002,0.6604,0.6606,-0.6376,6.6207,False,False,False,short_duration
20260410_235717_ocs2_stepdown_ctp015_height_only_nominal_v1_contactflagbias_batch_5cm_ocs2_stepdown_ctp015_r04,/home/ho/ros2_ws/src/quadruped_ros2_control/evaluation/go2_terrain_eval/results/20260410_235717_ocs2_stepdown_ctp015_height_only_nominal_v1_contactflagbias_batch_5cm_ocs2_stepdown_ctp015_r04,ocs2_stepdown,5.0,0.15,4,True,False,,0.282,0.2879,0.006,-0.805,8.9208,False,False,False,low_progress
20260410_235738_ocs2_stepdown_ctp015_height_only_nominal_v1_contactflagbias_batch_5cm_ocs2_stepdown_ctp015_r05,/home/ho/ros2_ws/src/quadruped_ros2_control/evaluation/go2_terrain_eval/results/20260410_235738_ocs2_stepdown_ctp015_height_only_nominal_v1_contactflagbias_batch_5cm_ocs2_stepdown_ctp015_r05,ocs2_stepdown,5.0,0.15,5,True,False,,0.0006,0.2502,0.2495,0.7181,8.1006,False,False,True,
20260410_235758_ocs2_stepdown_ctp015_height_only_nominal_v1_contactflagbias_batch_5cm_ocs2_stepdown_ctp015_r06,/home/ho/ros2_ws/src/quadruped_ros2_control/evaluation/go2_terrain_eval/results/20260410_235758_ocs2_stepdown_ctp015_height_only_nominal_v1_contactflagbias_batch_5cm_ocs2_stepdown_ctp015_r06,ocs2_stepdown,5.0,0.15,6,False,False,,0.2813,0.3255,0.0442,0.0037,5.7607,False,False,False,short_duration
20260410_235817_ocs2_stepdown_ctp015_height_only_nominal_v1_contactflagbias_batch_5cm_ocs2_stepdown_ctp015_r07,/home/ho/ros2_ws/src/quadruped_ros2_control/evaluation/go2_terrain_eval/results/20260410_235817_ocs2_stepdown_ctp015_height_only_nominal_v1_contactflagbias_batch_5cm_ocs2_stepdown_ctp015_r07,ocs2_stepdown,5.0,0.15,7,False,False,,-0.0001,0.5734,0.5735,-0.3436,6.0607,False,False,False,short_duration
20260410_235836_ocs2_stepdown_ctp015_height_only_nominal_v1_contactflagbias_batch_5cm_ocs2_stepdown_ctp015_r08,/home/ho/ros2_ws/src/quadruped_ros2_control/evaluation/go2_terrain_eval/results/20260410_235836_ocs2_stepdown_ctp015_height_only_nominal_v1_contactflagbias_batch_5cm_ocs2_stepdown_ctp015_r08,ocs2_stepdown,5.0,0.15,8,False,False,,0.2817,0.3239,0.0422,-0.1425,4.9806,False,False,False,short_duration
20260410_235854_ocs2_stepdown_ctp015_height_only_nominal_v1_contactflagbias_batch_5cm_ocs2_stepdown_ctp015_r09,/home/ho/ros2_ws/src/quadruped_ros2_control/evaluation/go2_terrain_eval/results/20260410_235854_ocs2_stepdown_ctp015_height_only_nominal_v1_contactflagbias_batch_5cm_ocs2_stepdown_ctp015_r09,ocs2_stepdown,5.0,0.15,9,False,False,,0.2811,0.2229,-0.0582,-0.7205,7.6809,False,False,False,short_duration
20260410_235913_ocs2_stepdown_ctp015_height_only_nominal_v1_contactflagbias_batch_5cm_ocs2_stepdown_ctp015_r10,/home/ho/ros2_ws/src/quadruped_ros2_control/evaluation/go2_terrain_eval/results/20260410_235913_ocs2_stepdown_ctp015_height_only_nominal_v1_contactflagbias_batch_5cm_ocs2_stepdown_ctp015_r10,ocs2_stepdown,5.0,0.15,10,False,False,,0.2814,0.325,0.0436,-0.02,4.6205,False,False,False,short_duration
20260410_224221_ocs2_stepdown_ctp015_height_only_nominal_v1_contactflagbias_p015_v1,/home/ho/ros2_ws/src/quadruped_ros2_control/evaluation/go2_terrain_eval/results/20260410_224221_ocs2_stepdown_ctp015_height_only_nominal_v1_contactflagbias_p015_v1,ocs2_stepdown,5.0,0.15,,False,False,,0.2832,0.1451,-0.1381,-0.4439,6.7007,False,False,False,short_duration
20260410_222450_ocs2_stepdown_ctp100_height_only_nominal_v1_contactflagbias_p100_v3,/home/ho/ros2_ws/src/quadruped_ros2_control/evaluation/go2_terrain_eval/results/20260410_222450_ocs2_stepdown_ctp100_height_only_nominal_v1_contactflagbias_p100_v3,ocs2_stepdown,5.0,1.0,,True,False,,0.1166,0.1166,0.0,0.0071,22.0019,True,True,False,low_progress
20260410_222531_ocs2_stepdown_ctp100_height_only_nominal_v1_contactflagbias_p100_rerun_v4,/home/ho/ros2_ws/src/quadruped_ros2_control/evaluation/go2_terrain_eval/results/20260410_222531_ocs2_stepdown_ctp100_height_only_nominal_v1_contactflagbias_p100_rerun_v4,ocs2_stepdown,5.0,1.0,,False,False,,0.283,0.3262,0.0432,-0.251,4.2806,False,False,False,short_duration
20260410_222324_ocs2_stepdown_ctp1000_height_only_nominal_v1_contactflagbias_p1000_v2,/home/ho/ros2_ws/src/quadruped_ros2_control/evaluation/go2_terrain_eval/results/20260410_222324_ocs2_stepdown_ctp1000_height_only_nominal_v1_contactflagbias_p1000_v2,ocs2_stepdown,5.0,10.0,,False,False,,0.2805,0.1657,-0.1147,-0.5034,6.8808,False,False,False,short_duration
20260411_230504_ocs2_stepdown_7cm_height_only_nominal_v1_contactflagbias_batch_7cm_ocs2_stepdown_7cm_r01,/home/ho/ros2_ws/src/quadruped_ros2_control/evaluation/go2_terrain_eval/results/20260411_230504_ocs2_stepdown_7cm_height_only_nominal_v1_contactflagbias_batch_7cm_ocs2_stepdown_7cm_r01,ocs2_stepdown_7cm,7.0,0.0,1,True,False,,0.2647,0.3461,0.0815,1.3995,22.0064,True,True,True,
20260411_230547_ocs2_stepdown_7cm_height_only_nominal_v1_contactflagbias_batch_7cm_ocs2_stepdown_7cm_r02,/home/ho/ros2_ws/src/quadruped_ros2_control/evaluation/go2_terrain_eval/results/20260411_230547_ocs2_stepdown_7cm_height_only_nominal_v1_contactflagbias_batch_7cm_ocs2_stepdown_7cm_r02,ocs2_stepdown_7cm,7.0,0.0,2,True,False,,0.2664,0.3461,0.0797,1.3279,22.0048,True,True,True,
20260411_230623_ocs2_stepdown_7cm_height_only_nominal_v1_contactflagbias_batch_7cm_ocs2_stepdown_7cm_r03,/home/ho/ros2_ws/src/quadruped_ros2_control/evaluation/go2_terrain_eval/results/20260411_230623_ocs2_stepdown_7cm_height_only_nominal_v1_contactflagbias_batch_7cm_ocs2_stepdown_7cm_r03,ocs2_stepdown_7cm,7.0,0.0,3,True,False,,0.1705,0.1031,-0.0674,0.0104,22.0017,True,True,False,low_progress
20260411_230659_ocs2_stepdown_7cm_height_only_nominal_v1_contactflagbias_batch_7cm_ocs2_stepdown_7cm_r04,/home/ho/ros2_ws/src/quadruped_ros2_control/evaluation/go2_terrain_eval/results/20260411_230659_ocs2_stepdown_7cm_height_only_nominal_v1_contactflagbias_batch_7cm_ocs2_stepdown_7cm_r04,ocs2_stepdown_7cm,7.0,0.0,4,True,False,,0.2793,0.3462,0.0669,1.4822,22.0049,True,True,True,
20260411_230734_ocs2_stepdown_7cm_height_only_nominal_v1_contactflagbias_batch_7cm_ocs2_stepdown_7cm_r05,/home/ho/ros2_ws/src/quadruped_ros2_control/evaluation/go2_terrain_eval/results/20260411_230734_ocs2_stepdown_7cm_height_only_nominal_v1_contactflagbias_batch_7cm_ocs2_stepdown_7cm_r05,ocs2_stepdown_7cm,7.0,0.0,5,True,False,,0.1606,0.1011,-0.0595,0.0194,22.003,True,True,False,low_progress
20260411_230809_ocs2_stepdown_7cm_height_only_nominal_v1_contactflagbias_batch_7cm_ocs2_stepdown_7cm_r06,/home/ho/ros2_ws/src/quadruped_ros2_control/evaluation/go2_terrain_eval/results/20260411_230809_ocs2_stepdown_7cm_height_only_nominal_v1_contactflagbias_batch_7cm_ocs2_stepdown_7cm_r06,ocs2_stepdown_7cm,7.0,0.0,6,True,False,,0.0007,0.0499,0.0492,1.495,22.0064,True,True,True,
20260411_230844_ocs2_stepdown_7cm_height_only_nominal_v1_contactflagbias_batch_7cm_ocs2_stepdown_7cm_r07,/home/ho/ros2_ws/src/quadruped_ros2_control/evaluation/go2_terrain_eval/results/20260411_230844_ocs2_stepdown_7cm_height_only_nominal_v1_contactflagbias_batch_7cm_ocs2_stepdown_7cm_r07,ocs2_stepdown_7cm,7.0,0.0,7,True,False,,0.2789,0.3462,0.0673,1.5055,22.0026,True,True,True,
20260411_230919_ocs2_stepdown_7cm_height_only_nominal_v1_contactflagbias_batch_7cm_ocs2_stepdown_7cm_r08,/home/ho/ros2_ws/src/quadruped_ros2_control/evaluation/go2_terrain_eval/results/20260411_230919_ocs2_stepdown_7cm_height_only_nominal_v1_contactflagbias_batch_7cm_ocs2_stepdown_7cm_r08,ocs2_stepdown_7cm,7.0,0.0,8,True,False,,0.0005,0.078,0.0775,1.53,22.0033,True,True,True,
20260411_230954_ocs2_stepdown_7cm_height_only_nominal_v1_contactflagbias_batch_7cm_ocs2_stepdown_7cm_r09,/home/ho/ros2_ws/src/quadruped_ros2_control/evaluation/go2_terrain_eval/results/20260411_230954_ocs2_stepdown_7cm_height_only_nominal_v1_contactflagbias_batch_7cm_ocs2_stepdown_7cm_r09,ocs2_stepdown_7cm,7.0,0.0,9,True,False,,0.2754,0.346,0.0707,1.4817,22.0061,True,True,True,
20260411_231029_ocs2_stepdown_7cm_height_only_nominal_v1_contactflagbias_batch_7cm_ocs2_stepdown_7cm_r10,/home/ho/ros2_ws/src/quadruped_ros2_control/evaluation/go2_terrain_eval/results/20260411_231029_ocs2_stepdown_7cm_height_only_nominal_v1_contactflagbias_batch_7cm_ocs2_stepdown_7cm_r10,ocs2_stepdown_7cm,7.0,0.0,10,True,False,,0.2792,0.3461,0.067,1.499,22.0036,True,True,True,
20260411_231104_ocs2_stepdown_7cm_ctp005_height_only_nominal_v1_contactflagbias_batch_7cm_ocs2_stepdown_7cm_ctp005_r01,/home/ho/ros2_ws/src/quadruped_ros2_control/evaluation/go2_terrain_eval/results/20260411_231104_ocs2_stepdown_7cm_ctp005_height_only_nominal_v1_contactflagbias_batch_7cm_ocs2_stepdown_7cm_ctp005_r01,ocs2_stepdown_7cm,7.0,0.05,1,True,False,,0.2746,0.3456,0.071,2.2779,22.0028,True,True,True,
20260411_231139_ocs2_stepdown_7cm_ctp005_height_only_nominal_v1_contactflagbias_batch_7cm_ocs2_stepdown_7cm_ctp005_r02,/home/ho/ros2_ws/src/quadruped_ros2_control/evaluation/go2_terrain_eval/results/20260411_231139_ocs2_stepdown_7cm_ctp005_height_only_nominal_v1_contactflagbias_batch_7cm_ocs2_stepdown_7cm_ctp005_r02,ocs2_stepdown_7cm,7.0,0.05,2,True,False,,0.2801,0.3455,0.0653,2.2578,22.0038,True,True,True,
20260411_231214_ocs2_stepdown_7cm_ctp005_height_only_nominal_v1_contactflagbias_batch_7cm_ocs2_stepdown_7cm_ctp005_r03,/home/ho/ros2_ws/src/quadruped_ros2_control/evaluation/go2_terrain_eval/results/20260411_231214_ocs2_stepdown_7cm_ctp005_height_only_nominal_v1_contactflagbias_batch_7cm_ocs2_stepdown_7cm_ctp005_r03,ocs2_stepdown_7cm,7.0,0.05,3,True,False,,0.2807,0.3457,0.065,2.1842,22.0018,True,True,True,
20260411_231249_ocs2_stepdown_7cm_ctp005_height_only_nominal_v1_contactflagbias_batch_7cm_ocs2_stepdown_7cm_ctp005_r04,/home/ho/ros2_ws/src/quadruped_ros2_control/evaluation/go2_terrain_eval/results/20260411_231249_ocs2_stepdown_7cm_ctp005_height_only_nominal_v1_contactflagbias_batch_7cm_ocs2_stepdown_7cm_ctp005_r04,ocs2_stepdown_7cm,7.0,0.05,4,True,False,,0.2769,0.3454,0.0685,2.1975,22.0038,True,True,True,
20260411_231324_ocs2_stepdown_7cm_ctp005_height_only_nominal_v1_contactflagbias_batch_7cm_ocs2_stepdown_7cm_ctp005_r05,/home/ho/ros2_ws/src/quadruped_ros2_control/evaluation/go2_terrain_eval/results/20260411_231324_ocs2_stepdown_7cm_ctp005_height_only_nominal_v1_contactflagbias_batch_7cm_ocs2_stepdown_7cm_ctp005_r05,ocs2_stepdown_7cm,7.0,0.05,5,True,False,,-0.0003,0.0935,0.0937,2.1909,22.0028,True,True,True,
20260411_231359_ocs2_stepdown_7cm_ctp005_height_only_nominal_v1_contactflagbias_batch_7cm_ocs2_stepdown_7cm_ctp005_r06,/home/ho/ros2_ws/src/quadruped_ros2_control/evaluation/go2_terrain_eval/results/20260411_231359_ocs2_stepdown_7cm_ctp005_height_only_nominal_v1_contactflagbias_batch_7cm_ocs2_stepdown_7cm_ctp005_r06,ocs2_stepdown_7cm,7.0,0.05,6,True,False,,0.1632,0.1011,-0.0621,0.0201,22.0015,True,True,False,low_progress
20260411_231434_ocs2_stepdown_7cm_ctp005_height_only_nominal_v1_contactflagbias_batch_7cm_ocs2_stepdown_7cm_ctp005_r07,/home/ho/ros2_ws/src/quadruped_ros2_control/evaluation/go2_terrain_eval/results/20260411_231434_ocs2_stepdown_7cm_ctp005_height_only_nominal_v1_contactflagbias_batch_7cm_ocs2_stepdown_7cm_ctp005_r07,ocs2_stepdown_7cm,7.0,0.05,7,True,False,,0.162,0.1011,-0.0608,0.0193,22.003,True,True,False,low_progress
20260411_231509_ocs2_stepdown_7cm_ctp005_height_only_nominal_v1_contactflagbias_batch_7cm_ocs2_stepdown_7cm_ctp005_r08,/home/ho/ros2_ws/src/quadruped_ros2_control/evaluation/go2_terrain_eval/results/20260411_231509_ocs2_stepdown_7cm_ctp005_height_only_nominal_v1_contactflagbias_batch_7cm_ocs2_stepdown_7cm_ctp005_r08,ocs2_stepdown_7cm,7.0,0.05,8,True,False,,0.1671,0.101,-0.066,0.019,22.0047,True,True,False,low_progress
20260411_231544_ocs2_stepdown_7cm_ctp005_height_only_nominal_v1_contactflagbias_batch_7cm_ocs2_stepdown_7cm_ctp005_r09,/home/ho/ros2_ws/src/quadruped_ros2_control/evaluation/go2_terrain_eval/results/20260411_231544_ocs2_stepdown_7cm_ctp005_height_only_nominal_v1_contactflagbias_batch_7cm_ocs2_stepdown_7cm_ctp005_r09,ocs2_stepdown_7cm,7.0,0.05,9,True,False,,0.0013,0.0378,0.0365,2.1376,22.0028,True,True,True,
20260411_231619_ocs2_stepdown_7cm_ctp005_height_only_nominal_v1_contactflagbias_batch_7cm_ocs2_stepdown_7cm_ctp005_r10,/home/ho/ros2_ws/src/quadruped_ros2_control/evaluation/go2_terrain_eval/results/20260411_231619_ocs2_stepdown_7cm_ctp005_height_only_nominal_v1_contactflagbias_batch_7cm_ocs2_stepdown_7cm_ctp005_r10,ocs2_stepdown_7cm,7.0,0.05,10,True,False,,0.2804,0.3456,0.0652,2.2034,22.0048,True,True,True,
20260411_231654_ocs2_stepdown_7cm_ctp007_height_only_nominal_v1_contactflagbias_batch_7cm_ocs2_stepdown_7cm_ctp007_r01,/home/ho/ros2_ws/src/quadruped_ros2_control/evaluation/go2_terrain_eval/results/20260411_231654_ocs2_stepdown_7cm_ctp007_height_only_nominal_v1_contactflagbias_batch_7cm_ocs2_stepdown_7cm_ctp007_r01,ocs2_stepdown_7cm,7.0,0.07,1,True,False,,0.2795,0.3459,0.0664,2.9724,22.0027,True,True,True,
20260411_231728_ocs2_stepdown_7cm_ctp007_height_only_nominal_v1_contactflagbias_batch_7cm_ocs2_stepdown_7cm_ctp007_r02,/home/ho/ros2_ws/src/quadruped_ros2_control/evaluation/go2_terrain_eval/results/20260411_231728_ocs2_stepdown_7cm_ctp007_height_only_nominal_v1_contactflagbias_batch_7cm_ocs2_stepdown_7cm_ctp007_r02,ocs2_stepdown_7cm,7.0,0.07,2,True,False,,0.0,0.2662,0.2662,3.0582,22.0028,True,True,True,
20260411_231803_ocs2_stepdown_7cm_ctp007_height_only_nominal_v1_contactflagbias_batch_7cm_ocs2_stepdown_7cm_ctp007_r03,/home/ho/ros2_ws/src/quadruped_ros2_control/evaluation/go2_terrain_eval/results/20260411_231803_ocs2_stepdown_7cm_ctp007_height_only_nominal_v1_contactflagbias_batch_7cm_ocs2_stepdown_7cm_ctp007_r03,ocs2_stepdown_7cm,7.0,0.07,3,True,False,,-0.0002,0.2193,0.2195,3.0027,22.0052,True,True,True,
20260411_231839_ocs2_stepdown_7cm_ctp007_height_only_nominal_v1_contactflagbias_batch_7cm_ocs2_stepdown_7cm_ctp007_r04,/home/ho/ros2_ws/src/quadruped_ros2_control/evaluation/go2_terrain_eval/results/20260411_231839_ocs2_stepdown_7cm_ctp007_height_only_nominal_v1_contactflagbias_batch_7cm_ocs2_stepdown_7cm_ctp007_r04,ocs2_stepdown_7cm,7.0,0.07,4,True,False,,0.2782,0.3459,0.0677,3.0629,22.0032,True,True,True,
20260411_231913_ocs2_stepdown_7cm_ctp007_height_only_nominal_v1_contactflagbias_batch_7cm_ocs2_stepdown_7cm_ctp007_r05,/home/ho/ros2_ws/src/quadruped_ros2_control/evaluation/go2_terrain_eval/results/20260411_231913_ocs2_stepdown_7cm_ctp007_height_only_nominal_v1_contactflagbias_batch_7cm_ocs2_stepdown_7cm_ctp007_r05,ocs2_stepdown_7cm,7.0,0.07,5,True,False,,0.2768,0.3458,0.069,2.5972,22.0037,True,True,True,
20260411_231948_ocs2_stepdown_7cm_ctp007_height_only_nominal_v1_contactflagbias_batch_7cm_ocs2_stepdown_7cm_ctp007_r06,/home/ho/ros2_ws/src/quadruped_ros2_control/evaluation/go2_terrain_eval/results/20260411_231948_ocs2_stepdown_7cm_ctp007_height_only_nominal_v1_contactflagbias_batch_7cm_ocs2_stepdown_7cm_ctp007_r06,ocs2_stepdown_7cm,7.0,0.07,6,True,False,,0.2791,0.3204,0.0413,1.0631,8.6415,False,False,True,
20260411_232010_ocs2_stepdown_7cm_ctp007_height_only_nominal_v1_contactflagbias_batch_7cm_ocs2_stepdown_7cm_ctp007_r07,/home/ho/ros2_ws/src/quadruped_ros2_control/evaluation/go2_terrain_eval/results/20260411_232010_ocs2_stepdown_7cm_ctp007_height_only_nominal_v1_contactflagbias_batch_7cm_ocs2_stepdown_7cm_ctp007_r07,ocs2_stepdown_7cm,7.0,0.07,7,True,False,,0.2788,0.3167,0.0379,1.0731,9.002,False,False,True,
20260411_232032_ocs2_stepdown_7cm_ctp007_height_only_nominal_v1_contactflagbias_batch_7cm_ocs2_stepdown_7cm_ctp007_r08,/home/ho/ros2_ws/src/quadruped_ros2_control/evaluation/go2_terrain_eval/results/20260411_232032_ocs2_stepdown_7cm_ctp007_height_only_nominal_v1_contactflagbias_batch_7cm_ocs2_stepdown_7cm_ctp007_r08,ocs2_stepdown_7cm,7.0,0.07,8,True,False,,0.2804,0.3201,0.0398,1.137,9.0211,False,False,True,
20260411_232054_ocs2_stepdown_7cm_ctp007_height_only_nominal_v1_contactflagbias_batch_7cm_ocs2_stepdown_7cm_ctp007_r09,/home/ho/ros2_ws/src/quadruped_ros2_control/evaluation/go2_terrain_eval/results/20260411_232054_ocs2_stepdown_7cm_ctp007_height_only_nominal_v1_contactflagbias_batch_7cm_ocs2_stepdown_7cm_ctp007_r09,ocs2_stepdown_7cm,7.0,0.07,9,True,False,,0.2741,0.3458,0.0717,2.509,22.005,True,True,True,
20260411_232129_ocs2_stepdown_7cm_ctp007_height_only_nominal_v1_contactflagbias_batch_7cm_ocs2_stepdown_7cm_ctp007_r10,/home/ho/ros2_ws/src/quadruped_ros2_control/evaluation/go2_terrain_eval/results/20260411_232129_ocs2_stepdown_7cm_ctp007_height_only_nominal_v1_contactflagbias_batch_7cm_ocs2_stepdown_7cm_ctp007_r10,ocs2_stepdown_7cm,7.0,0.07,10,True,False,,0.2731,0.3459,0.0728,2.7187,22.0022,True,True,True,
20260411_232204_ocs2_stepdown_7cm_ctp008_height_only_nominal_v1_contactflagbias_batch_7cm_ocs2_stepdown_7cm_ctp008_r01,/home/ho/ros2_ws/src/quadruped_ros2_control/evaluation/go2_terrain_eval/results/20260411_232204_ocs2_stepdown_7cm_ctp008_height_only_nominal_v1_contactflagbias_batch_7cm_ocs2_stepdown_7cm_ctp008_r01,ocs2_stepdown_7cm,7.0,0.08,1,True,False,,0.1637,0.1014,-0.0622,0.0184,22.0054,True,True,False,low_progress
20260411_232239_ocs2_stepdown_7cm_ctp008_height_only_nominal_v1_contactflagbias_batch_7cm_ocs2_stepdown_7cm_ctp008_r02,/home/ho/ros2_ws/src/quadruped_ros2_control/evaluation/go2_terrain_eval/results/20260411_232239_ocs2_stepdown_7cm_ctp008_height_only_nominal_v1_contactflagbias_batch_7cm_ocs2_stepdown_7cm_ctp008_r02,ocs2_stepdown_7cm,7.0,0.08,2,True,False,,0.2744,0.3452,0.0709,2.7302,22.0046,True,True,True,
20260411_232314_ocs2_stepdown_7cm_ctp008_height_only_nominal_v1_contactflagbias_batch_7cm_ocs2_stepdown_7cm_ctp008_r03,/home/ho/ros2_ws/src/quadruped_ros2_control/evaluation/go2_terrain_eval/results/20260411_232314_ocs2_stepdown_7cm_ctp008_height_only_nominal_v1_contactflagbias_batch_7cm_ocs2_stepdown_7cm_ctp008_r03,ocs2_stepdown_7cm,7.0,0.08,3,True,False,,0.2789,0.3444,0.0655,2.8845,22.0038,True,True,True,
20260411_232349_ocs2_stepdown_7cm_ctp008_height_only_nominal_v1_contactflagbias_batch_7cm_ocs2_stepdown_7cm_ctp008_r04,/home/ho/ros2_ws/src/quadruped_ros2_control/evaluation/go2_terrain_eval/results/20260411_232349_ocs2_stepdown_7cm_ctp008_height_only_nominal_v1_contactflagbias_batch_7cm_ocs2_stepdown_7cm_ctp008_r04,ocs2_stepdown_7cm,7.0,0.08,4,True,False,,0.0014,0.5361,0.5347,1.5533,10.3615,False,False,True,
20260411_232412_ocs2_stepdown_7cm_ctp008_height_only_nominal_v1_contactflagbias_batch_7cm_ocs2_stepdown_7cm_ctp008_r05,/home/ho/ros2_ws/src/quadruped_ros2_control/evaluation/go2_terrain_eval/results/20260411_232412_ocs2_stepdown_7cm_ctp008_height_only_nominal_v1_contactflagbias_batch_7cm_ocs2_stepdown_7cm_ctp008_r05,ocs2_stepdown_7cm,7.0,0.08,5,True,False,,0.2786,0.3459,0.0673,2.247,22.0029,True,True,True,
20260411_232447_ocs2_stepdown_7cm_ctp008_height_only_nominal_v1_contactflagbias_batch_7cm_ocs2_stepdown_7cm_ctp008_r06,/home/ho/ros2_ws/src/quadruped_ros2_control/evaluation/go2_terrain_eval/results/20260411_232447_ocs2_stepdown_7cm_ctp008_height_only_nominal_v1_contactflagbias_batch_7cm_ocs2_stepdown_7cm_ctp008_r06,ocs2_stepdown_7cm,7.0,0.08,6,True,False,,0.2745,0.3453,0.0709,2.8113,22.003,True,True,True,
20260411_232522_ocs2_stepdown_7cm_ctp008_height_only_nominal_v1_contactflagbias_batch_7cm_ocs2_stepdown_7cm_ctp008_r07,/home/ho/ros2_ws/src/quadruped_ros2_control/evaluation/go2_terrain_eval/results/20260411_232522_ocs2_stepdown_7cm_ctp008_height_only_nominal_v1_contactflagbias_batch_7cm_ocs2_stepdown_7cm_ctp008_r07,ocs2_stepdown_7cm,7.0,0.08,7,True,False,,0.2728,0.3452,0.0725,2.9716,22.0049,True,True,True,
20260411_232557_ocs2_stepdown_7cm_ctp008_height_only_nominal_v1_contactflagbias_batch_7cm_ocs2_stepdown_7cm_ctp008_r08,/home/ho/ros2_ws/src/quadruped_ros2_control/evaluation/go2_terrain_eval/results/20260411_232557_ocs2_stepdown_7cm_ctp008_height_only_nominal_v1_contactflagbias_batch_7cm_ocs2_stepdown_7cm_ctp008_r08,ocs2_stepdown_7cm,7.0,0.08,8,True,False,,0.2792,0.3136,0.0344,1.0982,8.6008,False,False,True,
20260411_232619_ocs2_stepdown_7cm_ctp008_height_only_nominal_v1_contactflagbias_batch_7cm_ocs2_stepdown_7cm_ctp008_r09,/home/ho/ros2_ws/src/quadruped_ros2_control/evaluation/go2_terrain_eval/results/20260411_232619_ocs2_stepdown_7cm_ctp008_height_only_nominal_v1_contactflagbias_batch_7cm_ocs2_stepdown_7cm_ctp008_r09,ocs2_stepdown_7cm,7.0,0.08,9,True,False,,0.2774,0.3459,0.0685,2.8903,22.0045,True,True,True,
20260411_232654_ocs2_stepdown_7cm_ctp008_height_only_nominal_v1_contactflagbias_batch_7cm_ocs2_stepdown_7cm_ctp008_r10,/home/ho/ros2_ws/src/quadruped_ros2_control/evaluation/go2_terrain_eval/results/20260411_232654_ocs2_stepdown_7cm_ctp008_height_only_nominal_v1_contactflagbias_batch_7cm_ocs2_stepdown_7cm_ctp008_r10,ocs2_stepdown_7cm,7.0,0.08,10,True,False,,0.1699,0.1013,-0.0686,0.0202,22.003,True,True,False,low_progress
20260411_232729_ocs2_stepdown_7cm_ctp009_height_only_nominal_v1_contactflagbias_batch_7cm_ocs2_stepdown_7cm_ctp009_r01,/home/ho/ros2_ws/src/quadruped_ros2_control/evaluation/go2_terrain_eval/results/20260411_232729_ocs2_stepdown_7cm_ctp009_height_only_nominal_v1_contactflagbias_batch_7cm_ocs2_stepdown_7cm_ctp009_r01,ocs2_stepdown_7cm,7.0,0.09,1,True,False,,0.0005,0.1694,0.1689,3.1962,22.004,True,True,True,
20260411_232803_ocs2_stepdown_7cm_ctp009_height_only_nominal_v1_contactflagbias_batch_7cm_ocs2_stepdown_7cm_ctp009_r02,/home/ho/ros2_ws/src/quadruped_ros2_control/evaluation/go2_terrain_eval/results/20260411_232803_ocs2_stepdown_7cm_ctp009_height_only_nominal_v1_contactflagbias_batch_7cm_ocs2_stepdown_7cm_ctp009_r02,ocs2_stepdown_7cm,7.0,0.09,2,True,False,,0.1691,0.0999,-0.0691,0.0189,22.003,True,True,False,low_progress
20260411_232838_ocs2_stepdown_7cm_ctp009_height_only_nominal_v1_contactflagbias_batch_7cm_ocs2_stepdown_7cm_ctp009_r03,/home/ho/ros2_ws/src/quadruped_ros2_control/evaluation/go2_terrain_eval/results/20260411_232838_ocs2_stepdown_7cm_ctp009_height_only_nominal_v1_contactflagbias_batch_7cm_ocs2_stepdown_7cm_ctp009_r03,ocs2_stepdown_7cm,7.0,0.09,3,True,False,,0.2731,0.3443,0.0711,3.1048,22.0033,True,True,True,
20260411_232913_ocs2_stepdown_7cm_ctp009_height_only_nominal_v1_contactflagbias_batch_7cm_ocs2_stepdown_7cm_ctp009_r04,/home/ho/ros2_ws/src/quadruped_ros2_control/evaluation/go2_terrain_eval/results/20260411_232913_ocs2_stepdown_7cm_ctp009_height_only_nominal_v1_contactflagbias_batch_7cm_ocs2_stepdown_7cm_ctp009_r04,ocs2_stepdown_7cm,7.0,0.09,4,True,False,,0.1653,0.1006,-0.0646,0.0186,22.0045,True,True,False,low_progress
20260411_232948_ocs2_stepdown_7cm_ctp009_height_only_nominal_v1_contactflagbias_batch_7cm_ocs2_stepdown_7cm_ctp009_r05,/home/ho/ros2_ws/src/quadruped_ros2_control/evaluation/go2_terrain_eval/results/20260411_232948_ocs2_stepdown_7cm_ctp009_height_only_nominal_v1_contactflagbias_batch_7cm_ocs2_stepdown_7cm_ctp009_r05,ocs2_stepdown_7cm,7.0,0.09,5,True,False,,0.2813,0.3463,0.0651,3.1444,22.0033,True,True,True,
20260411_233023_ocs2_stepdown_7cm_ctp009_height_only_nominal_v1_contactflagbias_batch_7cm_ocs2_stepdown_7cm_ctp009_r06,/home/ho/ros2_ws/src/quadruped_ros2_control/evaluation/go2_terrain_eval/results/20260411_233023_ocs2_stepdown_7cm_ctp009_height_only_nominal_v1_contactflagbias_batch_7cm_ocs2_stepdown_7cm_ctp009_r06,ocs2_stepdown_7cm,7.0,0.09,6,True,False,,0.2772,0.3436,0.0664,3.1387,22.0053,True,True,True,
20260411_233058_ocs2_stepdown_7cm_ctp009_height_only_nominal_v1_contactflagbias_batch_7cm_ocs2_stepdown_7cm_ctp009_r07,/home/ho/ros2_ws/src/quadruped_ros2_control/evaluation/go2_terrain_eval/results/20260411_233058_ocs2_stepdown_7cm_ctp009_height_only_nominal_v1_contactflagbias_batch_7cm_ocs2_stepdown_7cm_ctp009_r07,ocs2_stepdown_7cm,7.0,0.09,7,True,False,,0.2785,0.3464,0.0678,3.0743,22.0023,True,True,True,
20260411_233133_ocs2_stepdown_7cm_ctp009_height_only_nominal_v1_contactflagbias_batch_7cm_ocs2_stepdown_7cm_ctp009_r08,/home/ho/ros2_ws/src/quadruped_ros2_control/evaluation/go2_terrain_eval/results/20260411_233133_ocs2_stepdown_7cm_ctp009_height_only_nominal_v1_contactflagbias_batch_7cm_ocs2_stepdown_7cm_ctp009_r08,ocs2_stepdown_7cm,7.0,0.09,8,True,False,,0.2815,0.3068,0.0252,1.1097,8.221,False,False,True,
20260411_233154_ocs2_stepdown_7cm_ctp009_height_only_nominal_v1_contactflagbias_batch_7cm_ocs2_stepdown_7cm_ctp009_r09,/home/ho/ros2_ws/src/quadruped_ros2_control/evaluation/go2_terrain_eval/results/20260411_233154_ocs2_stepdown_7cm_ctp009_height_only_nominal_v1_contactflagbias_batch_7cm_ocs2_stepdown_7cm_ctp009_r09,ocs2_stepdown_7cm,7.0,0.09,9,True,False,,0.2805,0.3445,0.064,3.2841,22.0053,True,True,True,
20260411_233229_ocs2_stepdown_7cm_ctp009_height_only_nominal_v1_contactflagbias_batch_7cm_ocs2_stepdown_7cm_ctp009_r10,/home/ho/ros2_ws/src/quadruped_ros2_control/evaluation/go2_terrain_eval/results/20260411_233229_ocs2_stepdown_7cm_ctp009_height_only_nominal_v1_contactflagbias_batch_7cm_ocs2_stepdown_7cm_ctp009_r10,ocs2_stepdown_7cm,7.0,0.09,10,True,False,,0.2778,0.2991,0.0213,1.1162,8.1815,False,False,True,
20260411_233251_ocs2_stepdown_7cm_ctp010_height_only_nominal_v1_contactflagbias_batch_7cm_ocs2_stepdown_7cm_ctp010_r01,/home/ho/ros2_ws/src/quadruped_ros2_control/evaluation/go2_terrain_eval/results/20260411_233251_ocs2_stepdown_7cm_ctp010_height_only_nominal_v1_contactflagbias_batch_7cm_ocs2_stepdown_7cm_ctp010_r01,ocs2_stepdown_7cm,7.0,0.1,1,True,False,,0.2797,0.3418,0.0621,3.0729,22.0041,True,True,True,
20260411_233326_ocs2_stepdown_7cm_ctp010_height_only_nominal_v1_contactflagbias_batch_7cm_ocs2_stepdown_7cm_ctp010_r02,/home/ho/ros2_ws/src/quadruped_ros2_control/evaluation/go2_terrain_eval/results/20260411_233326_ocs2_stepdown_7cm_ctp010_height_only_nominal_v1_contactflagbias_batch_7cm_ocs2_stepdown_7cm_ctp010_r02,ocs2_stepdown_7cm,7.0,0.1,2,True,False,,0.1653,0.1009,-0.0644,0.0196,22.0066,True,True,False,low_progress
20260411_233401_ocs2_stepdown_7cm_ctp010_height_only_nominal_v1_contactflagbias_batch_7cm_ocs2_stepdown_7cm_ctp010_r03,/home/ho/ros2_ws/src/quadruped_ros2_control/evaluation/go2_terrain_eval/results/20260411_233401_ocs2_stepdown_7cm_ctp010_height_only_nominal_v1_contactflagbias_batch_7cm_ocs2_stepdown_7cm_ctp010_r03,ocs2_stepdown_7cm,7.0,0.1,3,True,False,,0.2769,0.1188,-0.1581,1.6072,12.0017,False,False,True,
20260411_233426_ocs2_stepdown_7cm_ctp010_height_only_nominal_v1_contactflagbias_batch_7cm_ocs2_stepdown_7cm_ctp010_r04,/home/ho/ros2_ws/src/quadruped_ros2_control/evaluation/go2_terrain_eval/results/20260411_233426_ocs2_stepdown_7cm_ctp010_height_only_nominal_v1_contactflagbias_batch_7cm_ocs2_stepdown_7cm_ctp010_r04,ocs2_stepdown_7cm,7.0,0.1,4,True,False,,0.2693,0.3465,0.0772,3.1873,22.0027,True,True,True,
20260411_233501_ocs2_stepdown_7cm_ctp010_height_only_nominal_v1_contactflagbias_batch_7cm_ocs2_stepdown_7cm_ctp010_r05,/home/ho/ros2_ws/src/quadruped_ros2_control/evaluation/go2_terrain_eval/results/20260411_233501_ocs2_stepdown_7cm_ctp010_height_only_nominal_v1_contactflagbias_batch_7cm_ocs2_stepdown_7cm_ctp010_r05,ocs2_stepdown_7cm,7.0,0.1,5,True,False,,-0.0,0.0969,0.0969,3.163,22.003,True,True,True,
20260411_233536_ocs2_stepdown_7cm_ctp010_height_only_nominal_v1_contactflagbias_batch_7cm_ocs2_stepdown_7cm_ctp010_r06,/home/ho/ros2_ws/src/quadruped_ros2_control/evaluation/go2_terrain_eval/results/20260411_233536_ocs2_stepdown_7cm_ctp010_height_only_nominal_v1_contactflagbias_batch_7cm_ocs2_stepdown_7cm_ctp010_r06,ocs2_stepdown_7cm,7.0,0.1,6,True,False,,0.2811,0.2346,-0.0465,1.3916,8.0621,False,False,True,
20260411_233557_ocs2_stepdown_7cm_ctp010_height_only_nominal_v1_contactflagbias_batch_7cm_ocs2_stepdown_7cm_ctp010_r07,/home/ho/ros2_ws/src/quadruped_ros2_control/evaluation/go2_terrain_eval/results/20260411_233557_ocs2_stepdown_7cm_ctp010_height_only_nominal_v1_contactflagbias_batch_7cm_ocs2_stepdown_7cm_ctp010_r07,ocs2_stepdown_7cm,7.0,0.1,7,True,False,,0.2802,0.347,0.0668,3.1547,22.0026,True,True,True,
20260411_233632_ocs2_stepdown_7cm_ctp010_height_only_nominal_v1_contactflagbias_batch_7cm_ocs2_stepdown_7cm_ctp010_r08,/home/ho/ros2_ws/src/quadruped_ros2_control/evaluation/go2_terrain_eval/results/20260411_233632_ocs2_stepdown_7cm_ctp010_height_only_nominal_v1_contactflagbias_batch_7cm_ocs2_stepdown_7cm_ctp010_r08,ocs2_stepdown_7cm,7.0,0.1,8,True,False,,0.1678,0.1002,-0.0676,0.0182,22.0041,True,True,False,low_progress
20260411_233707_ocs2_stepdown_7cm_ctp010_height_only_nominal_v1_contactflagbias_batch_7cm_ocs2_stepdown_7cm_ctp010_r09,/home/ho/ros2_ws/src/quadruped_ros2_control/evaluation/go2_terrain_eval/results/20260411_233707_ocs2_stepdown_7cm_ctp010_height_only_nominal_v1_contactflagbias_batch_7cm_ocs2_stepdown_7cm_ctp010_r09,ocs2_stepdown_7cm,7.0,0.1,9,False,False,,0.2811,0.3131,0.032,0.8311,7.4011,False,False,False,short_duration
20260411_233727_ocs2_stepdown_7cm_ctp010_height_only_nominal_v1_contactflagbias_batch_7cm_ocs2_stepdown_7cm_ctp010_r10,/home/ho/ros2_ws/src/quadruped_ros2_control/evaluation/go2_terrain_eval/results/20260411_233727_ocs2_stepdown_7cm_ctp010_height_only_nominal_v1_contactflagbias_batch_7cm_ocs2_stepdown_7cm_ctp010_r10,ocs2_stepdown_7cm,7.0,0.1,10,False,False,,0.2816,0.3062,0.0246,0.8615,7.4214,False,False,False,short_duration
20260411_233747_ocs2_stepdown_7cm_ctp012_height_only_nominal_v1_contactflagbias_batch_7cm_ocs2_stepdown_7cm_ctp012_r01,/home/ho/ros2_ws/src/quadruped_ros2_control/evaluation/go2_terrain_eval/results/20260411_233747_ocs2_stepdown_7cm_ctp012_height_only_nominal_v1_contactflagbias_batch_7cm_ocs2_stepdown_7cm_ctp012_r01,ocs2_stepdown_7cm,7.0,0.12,1,True,False,,0.0006,0.4088,0.4083,1.0937,8.9409,False,False,True,
20260411_233809_ocs2_stepdown_7cm_ctp012_height_only_nominal_v1_contactflagbias_batch_7cm_ocs2_stepdown_7cm_ctp012_r02,/home/ho/ros2_ws/src/quadruped_ros2_control/evaluation/go2_terrain_eval/results/20260411_233809_ocs2_stepdown_7cm_ctp012_height_only_nominal_v1_contactflagbias_batch_7cm_ocs2_stepdown_7cm_ctp012_r02,ocs2_stepdown_7cm,7.0,0.12,2,True,False,,0.2784,0.1207,-0.1578,2.154,14.8009,False,False,True,
20260411_233837_ocs2_stepdown_7cm_ctp012_height_only_nominal_v1_contactflagbias_batch_7cm_ocs2_stepdown_7cm_ctp012_r03,/home/ho/ros2_ws/src/quadruped_ros2_control/evaluation/go2_terrain_eval/results/20260411_233837_ocs2_stepdown_7cm_ctp012_height_only_nominal_v1_contactflagbias_batch_7cm_ocs2_stepdown_7cm_ctp012_r03,ocs2_stepdown_7cm,7.0,0.12,3,True,False,,0.277,0.2356,-0.0414,0.7342,10.3213,False,False,True,
20260411_233900_ocs2_stepdown_7cm_ctp012_height_only_nominal_v1_contactflagbias_batch_7cm_ocs2_stepdown_7cm_ctp012_r04,/home/ho/ros2_ws/src/quadruped_ros2_control/evaluation/go2_terrain_eval/results/20260411_233900_ocs2_stepdown_7cm_ctp012_height_only_nominal_v1_contactflagbias_batch_7cm_ocs2_stepdown_7cm_ctp012_r04,ocs2_stepdown_7cm,7.0,0.12,4,True,False,,0.2777,0.0996,-0.1781,3.0223,22.0028,True,True,True,
20260411_233935_ocs2_stepdown_7cm_ctp012_height_only_nominal_v1_contactflagbias_batch_7cm_ocs2_stepdown_7cm_ctp012_r05,/home/ho/ros2_ws/src/quadruped_ros2_control/evaluation/go2_terrain_eval/results/20260411_233935_ocs2_stepdown_7cm_ctp012_height_only_nominal_v1_contactflagbias_batch_7cm_ocs2_stepdown_7cm_ctp012_r05,ocs2_stepdown_7cm,7.0,0.12,5,True,False,,0.2769,0.0995,-0.1774,2.6854,22.0037,True,True,True,
20260411_234010_ocs2_stepdown_7cm_ctp012_height_only_nominal_v1_contactflagbias_batch_7cm_ocs2_stepdown_7cm_ctp012_r06,/home/ho/ros2_ws/src/quadruped_ros2_control/evaluation/go2_terrain_eval/results/20260411_234010_ocs2_stepdown_7cm_ctp012_height_only_nominal_v1_contactflagbias_batch_7cm_ocs2_stepdown_7cm_ctp012_r06,ocs2_stepdown_7cm,7.0,0.12,6,False,False,,0.2729,0.2322,-0.0407,0.6646,7.5412,False,False,False,short_duration
20260411_234031_ocs2_stepdown_7cm_ctp012_height_only_nominal_v1_contactflagbias_batch_7cm_ocs2_stepdown_7cm_ctp012_r07,/home/ho/ros2_ws/src/quadruped_ros2_control/evaluation/go2_terrain_eval/results/20260411_234031_ocs2_stepdown_7cm_ctp012_height_only_nominal_v1_contactflagbias_batch_7cm_ocs2_stepdown_7cm_ctp012_r07,ocs2_stepdown_7cm,7.0,0.12,7,True,False,,0.2767,0.0995,-0.1772,3.3935,22.0041,True,True,True,
20260411_234106_ocs2_stepdown_7cm_ctp012_height_only_nominal_v1_contactflagbias_batch_7cm_ocs2_stepdown_7cm_ctp012_r08,/home/ho/ros2_ws/src/quadruped_ros2_control/evaluation/go2_terrain_eval/results/20260411_234106_ocs2_stepdown_7cm_ctp012_height_only_nominal_v1_contactflagbias_batch_7cm_ocs2_stepdown_7cm_ctp012_r08,ocs2_stepdown_7cm,7.0,0.12,8,True,False,,0.2787,0.208,-0.0708,1.9344,15.6031,False,False,True,
20260411_234134_ocs2_stepdown_7cm_ctp012_height_only_nominal_v1_contactflagbias_batch_7cm_ocs2_stepdown_7cm_ctp012_r09,/home/ho/ros2_ws/src/quadruped_ros2_control/evaluation/go2_terrain_eval/results/20260411_234134_ocs2_stepdown_7cm_ctp012_height_only_nominal_v1_contactflagbias_batch_7cm_ocs2_stepdown_7cm_ctp012_r09,ocs2_stepdown_7cm,7.0,0.12,9,False,False,,-0.0001,0.1926,0.1927,0.9927,6.8013,False,False,False,short_duration
20260411_234154_ocs2_stepdown_7cm_ctp012_height_only_nominal_v1_contactflagbias_batch_7cm_ocs2_stepdown_7cm_ctp012_r10,/home/ho/ros2_ws/src/quadruped_ros2_control/evaluation/go2_terrain_eval/results/20260411_234154_ocs2_stepdown_7cm_ctp012_height_only_nominal_v1_contactflagbias_batch_7cm_ocs2_stepdown_7cm_ctp012_r10,ocs2_stepdown_7cm,7.0,0.12,10,True,False,,0.2749,0.2351,-0.0398,2.4396,17.2619,False,False,True,
20260411_234224_ocs2_stepdown_7cm_ctp015_height_only_nominal_v1_contactflagbias_batch_7cm_ocs2_stepdown_7cm_ctp015_r01,/home/ho/ros2_ws/src/quadruped_ros2_control/evaluation/go2_terrain_eval/results/20260411_234224_ocs2_stepdown_7cm_ctp015_height_only_nominal_v1_contactflagbias_batch_7cm_ocs2_stepdown_7cm_ctp015_r01,ocs2_stepdown_7cm,7.0,0.15,1,False,False,,-0.0004,0.3733,0.3737,-0.2322,5.3407,False,False,False,short_duration
20260411_234243_ocs2_stepdown_7cm_ctp015_height_only_nominal_v1_contactflagbias_batch_7cm_ocs2_stepdown_7cm_ctp015_r02,/home/ho/ros2_ws/src/quadruped_ros2_control/evaluation/go2_terrain_eval/results/20260411_234243_ocs2_stepdown_7cm_ctp015_height_only_nominal_v1_contactflagbias_batch_7cm_ocs2_stepdown_7cm_ctp015_r02,ocs2_stepdown_7cm,7.0,0.15,2,True,False,,0.2795,0.1938,-0.0857,-0.5426,8.541,False,False,False,low_progress
20260411_234304_ocs2_stepdown_7cm_ctp015_height_only_nominal_v1_contactflagbias_batch_7cm_ocs2_stepdown_7cm_ctp015_r03,/home/ho/ros2_ws/src/quadruped_ros2_control/evaluation/go2_terrain_eval/results/20260411_234304_ocs2_stepdown_7cm_ctp015_height_only_nominal_v1_contactflagbias_batch_7cm_ocs2_stepdown_7cm_ctp015_r03,ocs2_stepdown_7cm,7.0,0.15,3,False,False,,-0.0001,0.6291,0.6292,-0.6853,7.1013,False,False,False,short_duration
20260411_234324_ocs2_stepdown_7cm_ctp015_height_only_nominal_v1_contactflagbias_batch_7cm_ocs2_stepdown_7cm_ctp015_r04,/home/ho/ros2_ws/src/quadruped_ros2_control/evaluation/go2_terrain_eval/results/20260411_234324_ocs2_stepdown_7cm_ctp015_height_only_nominal_v1_contactflagbias_batch_7cm_ocs2_stepdown_7cm_ctp015_r04,ocs2_stepdown_7cm,7.0,0.15,4,True,False,,0.1662,0.1014,-0.0648,0.0188,22.0022,True,True,False,low_progress
20260411_234359_ocs2_stepdown_7cm_ctp015_height_only_nominal_v1_contactflagbias_batch_7cm_ocs2_stepdown_7cm_ctp015_r05,/home/ho/ros2_ws/src/quadruped_ros2_control/evaluation/go2_terrain_eval/results/20260411_234359_ocs2_stepdown_7cm_ctp015_height_only_nominal_v1_contactflagbias_batch_7cm_ocs2_stepdown_7cm_ctp015_r05,ocs2_stepdown_7cm,7.0,0.15,5,False,False,,0.2736,0.3099,0.0364,-0.0694,4.9605,False,False,False,short_duration
20260411_234417_ocs2_stepdown_7cm_ctp015_height_only_nominal_v1_contactflagbias_batch_7cm_ocs2_stepdown_7cm_ctp015_r06,/home/ho/ros2_ws/src/quadruped_ros2_control/evaluation/go2_terrain_eval/results/20260411_234417_ocs2_stepdown_7cm_ctp015_height_only_nominal_v1_contactflagbias_batch_7cm_ocs2_stepdown_7cm_ctp015_r06,ocs2_stepdown_7cm,7.0,0.15,6,False,False,,0.2795,0.2231,-0.0564,-0.6914,6.241,False,False,False,short_duration
20260411_234436_ocs2_stepdown_7cm_ctp015_height_only_nominal_v1_contactflagbias_batch_7cm_ocs2_stepdown_7cm_ctp015_r07,/home/ho/ros2_ws/src/quadruped_ros2_control/evaluation/go2_terrain_eval/results/20260411_234436_ocs2_stepdown_7cm_ctp015_height_only_nominal_v1_contactflagbias_batch_7cm_ocs2_stepdown_7cm_ctp015_r07,ocs2_stepdown_7cm,7.0,0.15,7,False,False,,0.2792,0.3183,0.0391,-0.1881,4.9604,False,False,False,short_duration
20260411_234454_ocs2_stepdown_7cm_ctp015_height_only_nominal_v1_contactflagbias_batch_7cm_ocs2_stepdown_7cm_ctp015_r08,/home/ho/ros2_ws/src/quadruped_ros2_control/evaluation/go2_terrain_eval/results/20260411_234454_ocs2_stepdown_7cm_ctp015_height_only_nominal_v1_contactflagbias_batch_7cm_ocs2_stepdown_7cm_ctp015_r08,ocs2_stepdown_7cm,7.0,0.15,8,True,False,,0.2782,0.2064,-0.0717,-0.7104,8.481,False,False,False,low_progress
20260411_234516_ocs2_stepdown_7cm_ctp015_height_only_nominal_v1_contactflagbias_batch_7cm_ocs2_stepdown_7cm_ctp015_r09,/home/ho/ros2_ws/src/quadruped_ros2_control/evaluation/go2_terrain_eval/results/20260411_234516_ocs2_stepdown_7cm_ctp015_height_only_nominal_v1_contactflagbias_batch_7cm_ocs2_stepdown_7cm_ctp015_r09,ocs2_stepdown_7cm,7.0,0.15,9,False,False,,0.2763,0.2845,0.0082,-0.2959,4.8806,False,False,False,short_duration
20260411_234534_ocs2_stepdown_7cm_ctp015_height_only_nominal_v1_contactflagbias_batch_7cm_ocs2_stepdown_7cm_ctp015_r10,/home/ho/ros2_ws/src/quadruped_ros2_control/evaluation/go2_terrain_eval/results/20260411_234534_ocs2_stepdown_7cm_ctp015_height_only_nominal_v1_contactflagbias_batch_7cm_ocs2_stepdown_7cm_ctp015_r10,ocs2_stepdown_7cm,7.0,0.15,10,False,False,,-0.0003,0.5628,0.5631,-0.3759,6.0412,False,False,False,short_duration
20260411_235159_ocs2_stepdown_9cm_height_only_nominal_v1_contactflagbias_batch_9cm_ocs2_stepdown_9cm_r01,/home/ho/ros2_ws/src/quadruped_ros2_control/evaluation/go2_terrain_eval/results/20260411_235159_ocs2_stepdown_9cm_height_only_nominal_v1_contactflagbias_batch_9cm_ocs2_stepdown_9cm_r01,ocs2_stepdown_9cm,9.0,0.0,1,True,False,,0.2805,0.3384,0.0578,1.5288,22.0026,True,True,True,
20260411_235234_ocs2_stepdown_9cm_height_only_nominal_v1_contactflagbias_batch_9cm_ocs2_stepdown_9cm_r02,/home/ho/ros2_ws/src/quadruped_ros2_control/evaluation/go2_terrain_eval/results/20260411_235234_ocs2_stepdown_9cm_height_only_nominal_v1_contactflagbias_batch_9cm_ocs2_stepdown_9cm_r02,ocs2_stepdown_9cm,9.0,0.0,2,True,False,,-0.0002,0.1232,0.1234,1.5173,22.0047,True,True,True,
20260411_235309_ocs2_stepdown_9cm_height_only_nominal_v1_contactflagbias_batch_9cm_ocs2_stepdown_9cm_r03,/home/ho/ros2_ws/src/quadruped_ros2_control/evaluation/go2_terrain_eval/results/20260411_235309_ocs2_stepdown_9cm_height_only_nominal_v1_contactflagbias_batch_9cm_ocs2_stepdown_9cm_r03,ocs2_stepdown_9cm,9.0,0.0,3,True,False,,0.2794,0.3386,0.0592,1.5729,22.0028,True,True,True,
20260411_235344_ocs2_stepdown_9cm_height_only_nominal_v1_contactflagbias_batch_9cm_ocs2_stepdown_9cm_r04,/home/ho/ros2_ws/src/quadruped_ros2_control/evaluation/go2_terrain_eval/results/20260411_235344_ocs2_stepdown_9cm_height_only_nominal_v1_contactflagbias_batch_9cm_ocs2_stepdown_9cm_r04,ocs2_stepdown_9cm,9.0,0.0,4,True,False,,0.2818,0.3384,0.0566,1.5352,22.0044,True,True,True,
20260411_235419_ocs2_stepdown_9cm_height_only_nominal_v1_contactflagbias_batch_9cm_ocs2_stepdown_9cm_r05,/home/ho/ros2_ws/src/quadruped_ros2_control/evaluation/go2_terrain_eval/results/20260411_235419_ocs2_stepdown_9cm_height_only_nominal_v1_contactflagbias_batch_9cm_ocs2_stepdown_9cm_r05,ocs2_stepdown_9cm,9.0,0.0,5,True,False,,0.281,0.3384,0.0574,1.5323,22.0026,True,True,True,
20260411_235454_ocs2_stepdown_9cm_height_only_nominal_v1_contactflagbias_batch_9cm_ocs2_stepdown_9cm_r06,/home/ho/ros2_ws/src/quadruped_ros2_control/evaluation/go2_terrain_eval/results/20260411_235454_ocs2_stepdown_9cm_height_only_nominal_v1_contactflagbias_batch_9cm_ocs2_stepdown_9cm_r06,ocs2_stepdown_9cm,9.0,0.0,6,True,False,,0.2792,0.3385,0.0593,1.5165,22.0039,True,True,True,
20260411_235529_ocs2_stepdown_9cm_height_only_nominal_v1_contactflagbias_batch_9cm_ocs2_stepdown_9cm_r07,/home/ho/ros2_ws/src/quadruped_ros2_control/evaluation/go2_terrain_eval/results/20260411_235529_ocs2_stepdown_9cm_height_only_nominal_v1_contactflagbias_batch_9cm_ocs2_stepdown_9cm_r07,ocs2_stepdown_9cm,9.0,0.0,7,True,False,,0.2777,0.3383,0.0605,1.595,22.0026,True,True,True,
20260411_235604_ocs2_stepdown_9cm_height_only_nominal_v1_contactflagbias_batch_9cm_ocs2_stepdown_9cm_r08,/home/ho/ros2_ws/src/quadruped_ros2_control/evaluation/go2_terrain_eval/results/20260411_235604_ocs2_stepdown_9cm_height_only_nominal_v1_contactflagbias_batch_9cm_ocs2_stepdown_9cm_r08,ocs2_stepdown_9cm,9.0,0.0,8,True,False,,0.0,0.1071,0.107,1.5419,22.0015,True,True,True,
20260411_235639_ocs2_stepdown_9cm_height_only_nominal_v1_contactflagbias_batch_9cm_ocs2_stepdown_9cm_r09,/home/ho/ros2_ws/src/quadruped_ros2_control/evaluation/go2_terrain_eval/results/20260411_235639_ocs2_stepdown_9cm_height_only_nominal_v1_contactflagbias_batch_9cm_ocs2_stepdown_9cm_r09,ocs2_stepdown_9cm,9.0,0.0,9,True,False,,0.2795,0.3381,0.0586,1.5306,22.006,True,True,True,
20260411_235714_ocs2_stepdown_9cm_height_only_nominal_v1_contactflagbias_batch_9cm_ocs2_stepdown_9cm_r10,/home/ho/ros2_ws/src/quadruped_ros2_control/evaluation/go2_terrain_eval/results/20260411_235714_ocs2_stepdown_9cm_height_only_nominal_v1_contactflagbias_batch_9cm_ocs2_stepdown_9cm_r10,ocs2_stepdown_9cm,9.0,0.0,10,True,False,,-0.0004,0.1144,0.1148,1.5256,22.0058,True,True,True,
20260411_235749_ocs2_stepdown_9cm_ctp005_height_only_nominal_v1_contactflagbias_batch_9cm_ocs2_stepdown_9cm_ctp005_r01,/home/ho/ros2_ws/src/quadruped_ros2_control/evaluation/go2_terrain_eval/results/20260411_235749_ocs2_stepdown_9cm_ctp005_height_only_nominal_v1_contactflagbias_batch_9cm_ocs2_stepdown_9cm_ctp005_r01,ocs2_stepdown_9cm,9.0,0.05,1,True,False,,0.0004,0.1068,0.1065,2.2664,22.0043,True,True,True,
20260411_235824_ocs2_stepdown_9cm_ctp005_height_only_nominal_v1_contactflagbias_batch_9cm_ocs2_stepdown_9cm_ctp005_r02,/home/ho/ros2_ws/src/quadruped_ros2_control/evaluation/go2_terrain_eval/results/20260411_235824_ocs2_stepdown_9cm_ctp005_height_only_nominal_v1_contactflagbias_batch_9cm_ocs2_stepdown_9cm_ctp005_r02,ocs2_stepdown_9cm,9.0,0.05,2,True,False,,0.2803,0.3374,0.0571,2.2599,22.0026,True,True,True,
20260411_235859_ocs2_stepdown_9cm_ctp005_height_only_nominal_v1_contactflagbias_batch_9cm_ocs2_stepdown_9cm_ctp005_r03,/home/ho/ros2_ws/src/quadruped_ros2_control/evaluation/go2_terrain_eval/results/20260411_235859_ocs2_stepdown_9cm_ctp005_height_only_nominal_v1_contactflagbias_batch_9cm_ocs2_stepdown_9cm_ctp005_r03,ocs2_stepdown_9cm,9.0,0.05,3,True,False,,-0.0,0.1298,0.1298,2.2478,22.0034,True,True,True,
20260411_235934_ocs2_stepdown_9cm_ctp005_height_only_nominal_v1_contactflagbias_batch_9cm_ocs2_stepdown_9cm_ctp005_r04,/home/ho/ros2_ws/src/quadruped_ros2_control/evaluation/go2_terrain_eval/results/20260411_235934_ocs2_stepdown_9cm_ctp005_height_only_nominal_v1_contactflagbias_batch_9cm_ocs2_stepdown_9cm_ctp005_r04,ocs2_stepdown_9cm,9.0,0.05,4,True,False,,-0.0004,0.085,0.0855,2.128,22.0015,True,True,True,
20260412_000009_ocs2_stepdown_9cm_ctp005_height_only_nominal_v1_contactflagbias_batch_9cm_ocs2_stepdown_9cm_ctp005_r05,/home/ho/ros2_ws/src/quadruped_ros2_control/evaluation/go2_terrain_eval/results/20260412_000009_ocs2_stepdown_9cm_ctp005_height_only_nominal_v1_contactflagbias_batch_9cm_ocs2_stepdown_9cm_ctp005_r05,ocs2_stepdown_9cm,9.0,0.05,5,True,False,,0.0003,0.0854,0.0851,2.2818,22.0026,True,True,True,
20260412_000044_ocs2_stepdown_9cm_ctp005_height_only_nominal_v1_contactflagbias_batch_9cm_ocs2_stepdown_9cm_ctp005_r06,/home/ho/ros2_ws/src/quadruped_ros2_control/evaluation/go2_terrain_eval/results/20260412_000044_ocs2_stepdown_9cm_ctp005_height_only_nominal_v1_contactflagbias_batch_9cm_ocs2_stepdown_9cm_ctp005_r06,ocs2_stepdown_9cm,9.0,0.05,6,True,False,,-0.0001,0.2526,0.2526,2.2735,22.0014,True,True,True,
20260412_000119_ocs2_stepdown_9cm_ctp005_height_only_nominal_v1_contactflagbias_batch_9cm_ocs2_stepdown_9cm_ctp005_r07,/home/ho/ros2_ws/src/quadruped_ros2_control/evaluation/go2_terrain_eval/results/20260412_000119_ocs2_stepdown_9cm_ctp005_height_only_nominal_v1_contactflagbias_batch_9cm_ocs2_stepdown_9cm_ctp005_r07,ocs2_stepdown_9cm,9.0,0.05,7,True,False,,0.2772,0.3375,0.0603,2.2067,22.0041,True,True,True,
20260412_000154_ocs2_stepdown_9cm_ctp005_height_only_nominal_v1_contactflagbias_batch_9cm_ocs2_stepdown_9cm_ctp005_r08,/home/ho/ros2_ws/src/quadruped_ros2_control/evaluation/go2_terrain_eval/results/20260412_000154_ocs2_stepdown_9cm_ctp005_height_only_nominal_v1_contactflagbias_batch_9cm_ocs2_stepdown_9cm_ctp005_r08,ocs2_stepdown_9cm,9.0,0.05,8,True,False,,0.1662,0.1008,-0.0653,0.0192,22.0025,True,True,False,low_progress
20260412_000229_ocs2_stepdown_9cm_ctp005_height_only_nominal_v1_contactflagbias_batch_9cm_ocs2_stepdown_9cm_ctp005_r09,/home/ho/ros2_ws/src/quadruped_ros2_control/evaluation/go2_terrain_eval/results/20260412_000229_ocs2_stepdown_9cm_ctp005_height_only_nominal_v1_contactflagbias_batch_9cm_ocs2_stepdown_9cm_ctp005_r09,ocs2_stepdown_9cm,9.0,0.05,9,True,False,,0.2745,0.3374,0.0629,2.196,22.0041,True,True,True,
20260412_000304_ocs2_stepdown_9cm_ctp005_height_only_nominal_v1_contactflagbias_batch_9cm_ocs2_stepdown_9cm_ctp005_r10,/home/ho/ros2_ws/src/quadruped_ros2_control/evaluation/go2_terrain_eval/results/20260412_000304_ocs2_stepdown_9cm_ctp005_height_only_nominal_v1_contactflagbias_batch_9cm_ocs2_stepdown_9cm_ctp005_r10,ocs2_stepdown_9cm,9.0,0.05,10,True,False,,0.0007,0.1551,0.1544,1.9932,22.0033,True,True,True,
20260412_000339_ocs2_stepdown_9cm_ctp007_height_only_nominal_v1_contactflagbias_batch_9cm_ocs2_stepdown_9cm_ctp007_r01,/home/ho/ros2_ws/src/quadruped_ros2_control/evaluation/go2_terrain_eval/results/20260412_000339_ocs2_stepdown_9cm_ctp007_height_only_nominal_v1_contactflagbias_batch_9cm_ocs2_stepdown_9cm_ctp007_r01,ocs2_stepdown_9cm,9.0,0.07,1,True,False,,-0.0002,0.3181,0.3184,2.7711,22.0042,True,True,True,
20260412_000414_ocs2_stepdown_9cm_ctp007_height_only_nominal_v1_contactflagbias_batch_9cm_ocs2_stepdown_9cm_ctp007_r02,/home/ho/ros2_ws/src/quadruped_ros2_control/evaluation/go2_terrain_eval/results/20260412_000414_ocs2_stepdown_9cm_ctp007_height_only_nominal_v1_contactflagbias_batch_9cm_ocs2_stepdown_9cm_ctp007_r02,ocs2_stepdown_9cm,9.0,0.07,2,True,False,,0.2756,0.3373,0.0617,2.8997,22.003,True,True,True,
20260412_000449_ocs2_stepdown_9cm_ctp007_height_only_nominal_v1_contactflagbias_batch_9cm_ocs2_stepdown_9cm_ctp007_r03,/home/ho/ros2_ws/src/quadruped_ros2_control/evaluation/go2_terrain_eval/results/20260412_000449_ocs2_stepdown_9cm_ctp007_height_only_nominal_v1_contactflagbias_batch_9cm_ocs2_stepdown_9cm_ctp007_r03,ocs2_stepdown_9cm,9.0,0.07,3,True,False,,0.2819,0.3111,0.0293,1.0252,9.0017,False,False,True,
20260412_000511_ocs2_stepdown_9cm_ctp007_height_only_nominal_v1_contactflagbias_batch_9cm_ocs2_stepdown_9cm_ctp007_r04,/home/ho/ros2_ws/src/quadruped_ros2_control/evaluation/go2_terrain_eval/results/20260412_000511_ocs2_stepdown_9cm_ctp007_height_only_nominal_v1_contactflagbias_batch_9cm_ocs2_stepdown_9cm_ctp007_r04,ocs2_stepdown_9cm,9.0,0.07,4,True,False,,0.2769,0.3378,0.0609,2.6734,22.0026,True,True,True,
20260412_000546_ocs2_stepdown_9cm_ctp007_height_only_nominal_v1_contactflagbias_batch_9cm_ocs2_stepdown_9cm_ctp007_r05,/home/ho/ros2_ws/src/quadruped_ros2_control/evaluation/go2_terrain_eval/results/20260412_000546_ocs2_stepdown_9cm_ctp007_height_only_nominal_v1_contactflagbias_batch_9cm_ocs2_stepdown_9cm_ctp007_r05,ocs2_stepdown_9cm,9.0,0.07,5,True,False,,-0.0001,0.1054,0.1055,2.6727,22.0026,True,True,True,
20260412_000621_ocs2_stepdown_9cm_ctp007_height_only_nominal_v1_contactflagbias_batch_9cm_ocs2_stepdown_9cm_ctp007_r06,/home/ho/ros2_ws/src/quadruped_ros2_control/evaluation/go2_terrain_eval/results/20260412_000621_ocs2_stepdown_9cm_ctp007_height_only_nominal_v1_contactflagbias_batch_9cm_ocs2_stepdown_9cm_ctp007_r06,ocs2_stepdown_9cm,9.0,0.07,6,True,False,,0.277,0.3377,0.0607,3.131,22.0014,True,True,True,
20260412_000656_ocs2_stepdown_9cm_ctp007_height_only_nominal_v1_contactflagbias_batch_9cm_ocs2_stepdown_9cm_ctp007_r07,/home/ho/ros2_ws/src/quadruped_ros2_control/evaluation/go2_terrain_eval/results/20260412_000656_ocs2_stepdown_9cm_ctp007_height_only_nominal_v1_contactflagbias_batch_9cm_ocs2_stepdown_9cm_ctp007_r07,ocs2_stepdown_9cm,9.0,0.07,7,True,False,,0.2822,0.3112,0.029,1.0401,8.6212,False,False,True,
20260412_000717_ocs2_stepdown_9cm_ctp007_height_only_nominal_v1_contactflagbias_batch_9cm_ocs2_stepdown_9cm_ctp007_r08,/home/ho/ros2_ws/src/quadruped_ros2_control/evaluation/go2_terrain_eval/results/20260412_000717_ocs2_stepdown_9cm_ctp007_height_only_nominal_v1_contactflagbias_batch_9cm_ocs2_stepdown_9cm_ctp007_r08,ocs2_stepdown_9cm,9.0,0.07,8,True,False,,0.2739,0.3379,0.0639,3.038,22.0019,True,True,True,
20260412_000752_ocs2_stepdown_9cm_ctp007_height_only_nominal_v1_contactflagbias_batch_9cm_ocs2_stepdown_9cm_ctp007_r09,/home/ho/ros2_ws/src/quadruped_ros2_control/evaluation/go2_terrain_eval/results/20260412_000752_ocs2_stepdown_9cm_ctp007_height_only_nominal_v1_contactflagbias_batch_9cm_ocs2_stepdown_9cm_ctp007_r09,ocs2_stepdown_9cm,9.0,0.07,9,True,False,,0.1675,0.1008,-0.0667,0.0199,22.0023,True,True,False,low_progress
20260412_000827_ocs2_stepdown_9cm_ctp007_height_only_nominal_v1_contactflagbias_batch_9cm_ocs2_stepdown_9cm_ctp007_r10,/home/ho/ros2_ws/src/quadruped_ros2_control/evaluation/go2_terrain_eval/results/20260412_000827_ocs2_stepdown_9cm_ctp007_height_only_nominal_v1_contactflagbias_batch_9cm_ocs2_stepdown_9cm_ctp007_r10,ocs2_stepdown_9cm,9.0,0.07,10,True,False,,0.2724,0.3123,0.0399,1.043,8.6812,False,False,True,
20260412_000849_ocs2_stepdown_9cm_ctp008_height_only_nominal_v1_contactflagbias_batch_9cm_ocs2_stepdown_9cm_ctp008_r01,/home/ho/ros2_ws/src/quadruped_ros2_control/evaluation/go2_terrain_eval/results/20260412_000849_ocs2_stepdown_9cm_ctp008_height_only_nominal_v1_contactflagbias_batch_9cm_ocs2_stepdown_9cm_ctp008_r01,ocs2_stepdown_9cm,9.0,0.08,1,True,False,,0.2749,0.3373,0.0624,3.091,22.0031,True,True,True,
20260412_000924_ocs2_stepdown_9cm_ctp008_height_only_nominal_v1_contactflagbias_batch_9cm_ocs2_stepdown_9cm_ctp008_r02,/home/ho/ros2_ws/src/quadruped_ros2_control/evaluation/go2_terrain_eval/results/20260412_000924_ocs2_stepdown_9cm_ctp008_height_only_nominal_v1_contactflagbias_batch_9cm_ocs2_stepdown_9cm_ctp008_r02,ocs2_stepdown_9cm,9.0,0.08,2,True,False,,0.1632,0.1009,-0.0624,0.0191,22.0032,True,True,False,low_progress
20260412_000959_ocs2_stepdown_9cm_ctp008_height_only_nominal_v1_contactflagbias_batch_9cm_ocs2_stepdown_9cm_ctp008_r03,/home/ho/ros2_ws/src/quadruped_ros2_control/evaluation/go2_terrain_eval/results/20260412_000959_ocs2_stepdown_9cm_ctp008_height_only_nominal_v1_contactflagbias_batch_9cm_ocs2_stepdown_9cm_ctp008_r03,ocs2_stepdown_9cm,9.0,0.08,3,True,False,,0.2776,0.337,0.0595,2.9088,22.0025,True,True,True,
20260412_001034_ocs2_stepdown_9cm_ctp008_height_only_nominal_v1_contactflagbias_batch_9cm_ocs2_stepdown_9cm_ctp008_r04,/home/ho/ros2_ws/src/quadruped_ros2_control/evaluation/go2_terrain_eval/results/20260412_001034_ocs2_stepdown_9cm_ctp008_height_only_nominal_v1_contactflagbias_batch_9cm_ocs2_stepdown_9cm_ctp008_r04,ocs2_stepdown_9cm,9.0,0.08,4,True,False,,0.2786,0.3368,0.0583,3.1492,22.0034,True,True,True,
20260412_001109_ocs2_stepdown_9cm_ctp008_height_only_nominal_v1_contactflagbias_batch_9cm_ocs2_stepdown_9cm_ctp008_r05,/home/ho/ros2_ws/src/quadruped_ros2_control/evaluation/go2_terrain_eval/results/20260412_001109_ocs2_stepdown_9cm_ctp008_height_only_nominal_v1_contactflagbias_batch_9cm_ocs2_stepdown_9cm_ctp008_r05,ocs2_stepdown_9cm,9.0,0.08,5,True,False,,0.0002,0.1928,0.1926,2.984,22.0022,True,True,True,
20260412_001144_ocs2_stepdown_9cm_ctp008_height_only_nominal_v1_contactflagbias_batch_9cm_ocs2_stepdown_9cm_ctp008_r06,/home/ho/ros2_ws/src/quadruped_ros2_control/evaluation/go2_terrain_eval/results/20260412_001144_ocs2_stepdown_9cm_ctp008_height_only_nominal_v1_contactflagbias_batch_9cm_ocs2_stepdown_9cm_ctp008_r06,ocs2_stepdown_9cm,9.0,0.08,6,True,False,,0.281,0.3375,0.0565,3.0727,22.0028,True,True,True,
20260412_001219_ocs2_stepdown_9cm_ctp008_height_only_nominal_v1_contactflagbias_batch_9cm_ocs2_stepdown_9cm_ctp008_r07,/home/ho/ros2_ws/src/quadruped_ros2_control/evaluation/go2_terrain_eval/results/20260412_001219_ocs2_stepdown_9cm_ctp008_height_only_nominal_v1_contactflagbias_batch_9cm_ocs2_stepdown_9cm_ctp008_r07,ocs2_stepdown_9cm,9.0,0.08,7,True,False,,0.2714,0.3379,0.0665,2.9215,22.0021,True,True,True,
20260412_001254_ocs2_stepdown_9cm_ctp008_height_only_nominal_v1_contactflagbias_batch_9cm_ocs2_stepdown_9cm_ctp008_r08,/home/ho/ros2_ws/src/quadruped_ros2_control/evaluation/go2_terrain_eval/results/20260412_001254_ocs2_stepdown_9cm_ctp008_height_only_nominal_v1_contactflagbias_batch_9cm_ocs2_stepdown_9cm_ctp008_r08,ocs2_stepdown_9cm,9.0,0.08,8,True,False,,0.2772,0.337,0.0598,3.2895,22.0027,True,True,True,
20260412_001329_ocs2_stepdown_9cm_ctp008_height_only_nominal_v1_contactflagbias_batch_9cm_ocs2_stepdown_9cm_ctp008_r09,/home/ho/ros2_ws/src/quadruped_ros2_control/evaluation/go2_terrain_eval/results/20260412_001329_ocs2_stepdown_9cm_ctp008_height_only_nominal_v1_contactflagbias_batch_9cm_ocs2_stepdown_9cm_ctp008_r09,ocs2_stepdown_9cm,9.0,0.08,9,True,False,,0.2785,0.3198,0.0413,0.9937,8.2609,False,False,True,
20260412_001350_ocs2_stepdown_9cm_ctp008_height_only_nominal_v1_contactflagbias_batch_9cm_ocs2_stepdown_9cm_ctp008_r10,/home/ho/ros2_ws/src/quadruped_ros2_control/evaluation/go2_terrain_eval/results/20260412_001350_ocs2_stepdown_9cm_ctp008_height_only_nominal_v1_contactflagbias_batch_9cm_ocs2_stepdown_9cm_ctp008_r10,ocs2_stepdown_9cm,9.0,0.08,10,True,False,,0.2792,0.3373,0.0581,3.0043,22.0034,True,True,True,
20260412_001425_ocs2_stepdown_9cm_ctp009_height_only_nominal_v1_contactflagbias_batch_9cm_ocs2_stepdown_9cm_ctp009_r01,/home/ho/ros2_ws/src/quadruped_ros2_control/evaluation/go2_terrain_eval/results/20260412_001425_ocs2_stepdown_9cm_ctp009_height_only_nominal_v1_contactflagbias_batch_9cm_ocs2_stepdown_9cm_ctp009_r01,ocs2_stepdown_9cm,9.0,0.09,1,True,False,,0.2787,0.3354,0.0567,3.222,22.0046,True,True,True,
20260412_001500_ocs2_stepdown_9cm_ctp009_height_only_nominal_v1_contactflagbias_batch_9cm_ocs2_stepdown_9cm_ctp009_r02,/home/ho/ros2_ws/src/quadruped_ros2_control/evaluation/go2_terrain_eval/results/20260412_001500_ocs2_stepdown_9cm_ctp009_height_only_nominal_v1_contactflagbias_batch_9cm_ocs2_stepdown_9cm_ctp009_r02,ocs2_stepdown_9cm,9.0,0.09,2,True,False,,0.1684,0.0998,-0.0687,0.0177,22.0021,True,True,False,low_progress
20260412_001535_ocs2_stepdown_9cm_ctp009_height_only_nominal_v1_contactflagbias_batch_9cm_ocs2_stepdown_9cm_ctp009_r03,/home/ho/ros2_ws/src/quadruped_ros2_control/evaluation/go2_terrain_eval/results/20260412_001535_ocs2_stepdown_9cm_ctp009_height_only_nominal_v1_contactflagbias_batch_9cm_ocs2_stepdown_9cm_ctp009_r03,ocs2_stepdown_9cm,9.0,0.09,3,True,False,,0.2801,0.3374,0.0573,3.185,22.0039,True,True,True,
20260412_001610_ocs2_stepdown_9cm_ctp009_height_only_nominal_v1_contactflagbias_batch_9cm_ocs2_stepdown_9cm_ctp009_r04,/home/ho/ros2_ws/src/quadruped_ros2_control/evaluation/go2_terrain_eval/results/20260412_001610_ocs2_stepdown_9cm_ctp009_height_only_nominal_v1_contactflagbias_batch_9cm_ocs2_stepdown_9cm_ctp009_r04,ocs2_stepdown_9cm,9.0,0.09,4,False,False,,0.2799,0.3123,0.0325,0.8435,7.4624,False,False,False,short_duration
20260412_001630_ocs2_stepdown_9cm_ctp009_height_only_nominal_v1_contactflagbias_batch_9cm_ocs2_stepdown_9cm_ctp009_r05,/home/ho/ros2_ws/src/quadruped_ros2_control/evaluation/go2_terrain_eval/results/20260412_001630_ocs2_stepdown_9cm_ctp009_height_only_nominal_v1_contactflagbias_batch_9cm_ocs2_stepdown_9cm_ctp009_r05,ocs2_stepdown_9cm,9.0,0.09,5,True,False,,0.2774,0.3378,0.0605,3.3753,22.0034,True,True,True,
20260412_001705_ocs2_stepdown_9cm_ctp009_height_only_nominal_v1_contactflagbias_batch_9cm_ocs2_stepdown_9cm_ctp009_r06,/home/ho/ros2_ws/src/quadruped_ros2_control/evaluation/go2_terrain_eval/results/20260412_001705_ocs2_stepdown_9cm_ctp009_height_only_nominal_v1_contactflagbias_batch_9cm_ocs2_stepdown_9cm_ctp009_r06,ocs2_stepdown_9cm,9.0,0.09,6,True,False,,0.2814,0.1863,-0.095,0.861,10.4412,False,False,True,
20260412_001729_ocs2_stepdown_9cm_ctp009_height_only_nominal_v1_contactflagbias_batch_9cm_ocs2_stepdown_9cm_ctp009_r07,/home/ho/ros2_ws/src/quadruped_ros2_control/evaluation/go2_terrain_eval/results/20260412_001729_ocs2_stepdown_9cm_ctp009_height_only_nominal_v1_contactflagbias_batch_9cm_ocs2_stepdown_9cm_ctp009_r07,ocs2_stepdown_9cm,9.0,0.09,7,True,False,,0.2785,0.335,0.0566,2.89,22.0033,True,True,True,
20260412_001804_ocs2_stepdown_9cm_ctp009_height_only_nominal_v1_contactflagbias_batch_9cm_ocs2_stepdown_9cm_ctp009_r08,/home/ho/ros2_ws/src/quadruped_ros2_control/evaluation/go2_terrain_eval/results/20260412_001804_ocs2_stepdown_9cm_ctp009_height_only_nominal_v1_contactflagbias_batch_9cm_ocs2_stepdown_9cm_ctp009_r08,ocs2_stepdown_9cm,9.0,0.09,8,True,False,,0.2808,0.3379,0.0571,3.3352,22.0025,True,True,True,
20260412_001839_ocs2_stepdown_9cm_ctp009_height_only_nominal_v1_contactflagbias_batch_9cm_ocs2_stepdown_9cm_ctp009_r09,/home/ho/ros2_ws/src/quadruped_ros2_control/evaluation/go2_terrain_eval/results/20260412_001839_ocs2_stepdown_9cm_ctp009_height_only_nominal_v1_contactflagbias_batch_9cm_ocs2_stepdown_9cm_ctp009_r09,ocs2_stepdown_9cm,9.0,0.09,9,True,False,,0.2798,0.3365,0.0567,3.1389,22.0049,True,True,True,
20260412_001914_ocs2_stepdown_9cm_ctp009_height_only_nominal_v1_contactflagbias_batch_9cm_ocs2_stepdown_9cm_ctp009_r10,/home/ho/ros2_ws/src/quadruped_ros2_control/evaluation/go2_terrain_eval/results/20260412_001914_ocs2_stepdown_9cm_ctp009_height_only_nominal_v1_contactflagbias_batch_9cm_ocs2_stepdown_9cm_ctp009_r10,ocs2_stepdown_9cm,9.0,0.09,10,True,False,,0.2797,0.3356,0.0559,2.5144,22.0017,True,True,True,
20260412_001949_ocs2_stepdown_9cm_ctp010_height_only_nominal_v1_contactflagbias_batch_9cm_ocs2_stepdown_9cm_ctp010_r01,/home/ho/ros2_ws/src/quadruped_ros2_control/evaluation/go2_terrain_eval/results/20260412_001949_ocs2_stepdown_9cm_ctp010_height_only_nominal_v1_contactflagbias_batch_9cm_ocs2_stepdown_9cm_ctp010_r01,ocs2_stepdown_9cm,9.0,0.1,1,True,False,,0.2711,0.3376,0.0666,3.3282,22.0042,True,True,True,
20260412_002024_ocs2_stepdown_9cm_ctp010_height_only_nominal_v1_contactflagbias_batch_9cm_ocs2_stepdown_9cm_ctp010_r02,/home/ho/ros2_ws/src/quadruped_ros2_control/evaluation/go2_terrain_eval/results/20260412_002024_ocs2_stepdown_9cm_ctp010_height_only_nominal_v1_contactflagbias_batch_9cm_ocs2_stepdown_9cm_ctp010_r02,ocs2_stepdown_9cm,9.0,0.1,2,True,False,,0.1686,0.1014,-0.0672,0.0194,22.0029,True,True,False,low_progress
20260412_002059_ocs2_stepdown_9cm_ctp010_height_only_nominal_v1_contactflagbias_batch_9cm_ocs2_stepdown_9cm_ctp010_r03,/home/ho/ros2_ws/src/quadruped_ros2_control/evaluation/go2_terrain_eval/results/20260412_002059_ocs2_stepdown_9cm_ctp010_height_only_nominal_v1_contactflagbias_batch_9cm_ocs2_stepdown_9cm_ctp010_r03,ocs2_stepdown_9cm,9.0,0.1,3,True,False,,0.276,0.3373,0.0613,3.1635,22.0018,True,True,True,
20260412_002134_ocs2_stepdown_9cm_ctp010_height_only_nominal_v1_contactflagbias_batch_9cm_ocs2_stepdown_9cm_ctp010_r04,/home/ho/ros2_ws/src/quadruped_ros2_control/evaluation/go2_terrain_eval/results/20260412_002134_ocs2_stepdown_9cm_ctp010_height_only_nominal_v1_contactflagbias_batch_9cm_ocs2_stepdown_9cm_ctp010_r04,ocs2_stepdown_9cm,9.0,0.1,4,False,False,,0.2775,0.337,0.0594,3.9994,22.0031,True,True,False,startup_collapse
20260412_002209_ocs2_stepdown_9cm_ctp010_height_only_nominal_v1_contactflagbias_batch_9cm_ocs2_stepdown_9cm_ctp010_r05,/home/ho/ros2_ws/src/quadruped_ros2_control/evaluation/go2_terrain_eval/results/20260412_002209_ocs2_stepdown_9cm_ctp010_height_only_nominal_v1_contactflagbias_batch_9cm_ocs2_stepdown_9cm_ctp010_r05,ocs2_stepdown_9cm,9.0,0.1,5,True,False,,0.28,0.3381,0.0581,3.0426,22.0032,True,True,True,
20260412_002244_ocs2_stepdown_9cm_ctp010_height_only_nominal_v1_contactflagbias_batch_9cm_ocs2_stepdown_9cm_ctp010_r06,/home/ho/ros2_ws/src/quadruped_ros2_control/evaluation/go2_terrain_eval/results/20260412_002244_ocs2_stepdown_9cm_ctp010_height_only_nominal_v1_contactflagbias_batch_9cm_ocs2_stepdown_9cm_ctp010_r06,ocs2_stepdown_9cm,9.0,0.1,6,False,False,,0.2823,0.2182,-0.064,4.5348,18.2615,False,False,False,startup_collapse
20260412_002315_ocs2_stepdown_9cm_ctp010_height_only_nominal_v1_contactflagbias_batch_9cm_ocs2_stepdown_9cm_ctp010_r07,/home/ho/ros2_ws/src/quadruped_ros2_control/evaluation/go2_terrain_eval/results/20260412_002315_ocs2_stepdown_9cm_ctp010_height_only_nominal_v1_contactflagbias_batch_9cm_ocs2_stepdown_9cm_ctp010_r07,ocs2_stepdown_9cm,9.0,0.1,7,True,False,,0.2818,0.3381,0.0563,3.1552,22.0026,True,True,True,
20260412_002350_ocs2_stepdown_9cm_ctp010_height_only_nominal_v1_contactflagbias_batch_9cm_ocs2_stepdown_9cm_ctp010_r08,/home/ho/ros2_ws/src/quadruped_ros2_control/evaluation/go2_terrain_eval/results/20260412_002350_ocs2_stepdown_9cm_ctp010_height_only_nominal_v1_contactflagbias_batch_9cm_ocs2_stepdown_9cm_ctp010_r08,ocs2_stepdown_9cm,9.0,0.1,8,True,False,,0.2807,0.3383,0.0576,3.2397,22.0026,True,True,True,
20260412_002424_ocs2_stepdown_9cm_ctp010_height_only_nominal_v1_contactflagbias_batch_9cm_ocs2_stepdown_9cm_ctp010_r09,/home/ho/ros2_ws/src/quadruped_ros2_control/evaluation/go2_terrain_eval/results/20260412_002424_ocs2_stepdown_9cm_ctp010_height_only_nominal_v1_contactflagbias_batch_9cm_ocs2_stepdown_9cm_ctp010_r09,ocs2_stepdown_9cm,9.0,0.1,9,False,False,,0.2835,0.0907,-0.1928,1.4788,9.301,False,False,False,startup_collapse
20260412_002446_ocs2_stepdown_9cm_ctp010_height_only_nominal_v1_contactflagbias_batch_9cm_ocs2_stepdown_9cm_ctp010_r10,/home/ho/ros2_ws/src/quadruped_ros2_control/evaluation/go2_terrain_eval/results/20260412_002446_ocs2_stepdown_9cm_ctp010_height_only_nominal_v1_contactflagbias_batch_9cm_ocs2_stepdown_9cm_ctp010_r10,ocs2_stepdown_9cm,9.0,0.1,10,False,False,,0.281,0.3057,0.0248,0.8377,7.3812,False,False,False,short_duration
20260412_002507_ocs2_stepdown_9cm_ctp012_height_only_nominal_v1_contactflagbias_batch_9cm_ocs2_stepdown_9cm_ctp012_r01,/home/ho/ros2_ws/src/quadruped_ros2_control/evaluation/go2_terrain_eval/results/20260412_002507_ocs2_stepdown_9cm_ctp012_height_only_nominal_v1_contactflagbias_batch_9cm_ocs2_stepdown_9cm_ctp012_r01,ocs2_stepdown_9cm,9.0,0.12,1,False,False,,0.2805,0.3307,0.0502,0.5685,6.2406,False,False,False,short_duration
20260412_002526_ocs2_stepdown_9cm_ctp012_height_only_nominal_v1_contactflagbias_batch_9cm_ocs2_stepdown_9cm_ctp012_r02,/home/ho/ros2_ws/src/quadruped_ros2_control/evaluation/go2_terrain_eval/results/20260412_002526_ocs2_stepdown_9cm_ctp012_height_only_nominal_v1_contactflagbias_batch_9cm_ocs2_stepdown_9cm_ctp012_r02,ocs2_stepdown_9cm,9.0,0.12,2,False,False,,0.2812,0.1037,-0.1775,0.4958,10.0021,False,False,False,startup_collapse
20260412_002549_ocs2_stepdown_9cm_ctp012_height_only_nominal_v1_contactflagbias_batch_9cm_ocs2_stepdown_9cm_ctp012_r03,/home/ho/ros2_ws/src/quadruped_ros2_control/evaluation/go2_terrain_eval/results/20260412_002549_ocs2_stepdown_9cm_ctp012_height_only_nominal_v1_contactflagbias_batch_9cm_ocs2_stepdown_9cm_ctp012_r03,ocs2_stepdown_9cm,9.0,0.12,3,False,False,,0.2826,0.1026,-0.18,2.1864,10.9611,False,False,False,startup_collapse
20260412_002612_ocs2_stepdown_9cm_ctp012_height_only_nominal_v1_contactflagbias_batch_9cm_ocs2_stepdown_9cm_ctp012_r04,/home/ho/ros2_ws/src/quadruped_ros2_control/evaluation/go2_terrain_eval/results/20260412_002612_ocs2_stepdown_9cm_ctp012_height_only_nominal_v1_contactflagbias_batch_9cm_ocs2_stepdown_9cm_ctp012_r04,ocs2_stepdown_9cm,9.0,0.12,4,False,False,,0.2827,0.3251,0.0424,0.4725,6.1607,False,False,False,short_duration
20260412_002631_ocs2_stepdown_9cm_ctp012_height_only_nominal_v1_contactflagbias_batch_9cm_ocs2_stepdown_9cm_ctp012_r05,/home/ho/ros2_ws/src/quadruped_ros2_control/evaluation/go2_terrain_eval/results/20260412_002631_ocs2_stepdown_9cm_ctp012_height_only_nominal_v1_contactflagbias_batch_9cm_ocs2_stepdown_9cm_ctp012_r05,ocs2_stepdown_9cm,9.0,0.12,5,False,False,,0.2824,0.3144,0.032,0.5675,6.141,False,False,False,short_duration
20260412_002650_ocs2_stepdown_9cm_ctp012_height_only_nominal_v1_contactflagbias_batch_9cm_ocs2_stepdown_9cm_ctp012_r06,/home/ho/ros2_ws/src/quadruped_ros2_control/evaluation/go2_terrain_eval/results/20260412_002650_ocs2_stepdown_9cm_ctp012_height_only_nominal_v1_contactflagbias_batch_9cm_ocs2_stepdown_9cm_ctp012_r06,ocs2_stepdown_9cm,9.0,0.12,6,True,False,,0.2795,0.1101,-0.1693,1.6094,9.281,False,False,True,
20260412_002712_ocs2_stepdown_9cm_ctp012_height_only_nominal_v1_contactflagbias_batch_9cm_ocs2_stepdown_9cm_ctp012_r07,/home/ho/ros2_ws/src/quadruped_ros2_control/evaluation/go2_terrain_eval/results/20260412_002712_ocs2_stepdown_9cm_ctp012_height_only_nominal_v1_contactflagbias_batch_9cm_ocs2_stepdown_9cm_ctp012_r07,ocs2_stepdown_9cm,9.0,0.12,7,False,False,,0.281,0.0903,-0.1907,1.4506,10.361,False,False,False,startup_collapse
20260412_002735_ocs2_stepdown_9cm_ctp012_height_only_nominal_v1_contactflagbias_batch_9cm_ocs2_stepdown_9cm_ctp012_r08,/home/ho/ros2_ws/src/quadruped_ros2_control/evaluation/go2_terrain_eval/results/20260412_002735_ocs2_stepdown_9cm_ctp012_height_only_nominal_v1_contactflagbias_batch_9cm_ocs2_stepdown_9cm_ctp012_r08,ocs2_stepdown_9cm,9.0,0.12,8,True,False,,0.1658,0.1015,-0.0643,0.0196,22.0032,True,True,False,low_progress
20260412_002810_ocs2_stepdown_9cm_ctp012_height_only_nominal_v1_contactflagbias_batch_9cm_ocs2_stepdown_9cm_ctp012_r09,/home/ho/ros2_ws/src/quadruped_ros2_control/evaluation/go2_terrain_eval/results/20260412_002810_ocs2_stepdown_9cm_ctp012_height_only_nominal_v1_contactflagbias_batch_9cm_ocs2_stepdown_9cm_ctp012_r09,ocs2_stepdown_9cm,9.0,0.12,9,False,False,,0.2803,0.3384,0.0581,0.2989,5.4606,False,False,False,short_duration
20260412_002828_ocs2_stepdown_9cm_ctp012_height_only_nominal_v1_contactflagbias_batch_9cm_ocs2_stepdown_9cm_ctp012_r10,/home/ho/ros2_ws/src/quadruped_ros2_control/evaluation/go2_terrain_eval/results/20260412_002828_ocs2_stepdown_9cm_ctp012_height_only_nominal_v1_contactflagbias_batch_9cm_ocs2_stepdown_9cm_ctp012_r10,ocs2_stepdown_9cm,9.0,0.12,10,False,False,,0.2805,0.2789,-0.0016,0.1299,12.0823,False,False,False,startup_collapse
20260412_002853_ocs2_stepdown_9cm_ctp015_height_only_nominal_v1_contactflagbias_batch_9cm_ocs2_stepdown_9cm_ctp015_r01,/home/ho/ros2_ws/src/quadruped_ros2_control/evaluation/go2_terrain_eval/results/20260412_002853_ocs2_stepdown_9cm_ctp015_height_only_nominal_v1_contactflagbias_batch_9cm_ocs2_stepdown_9cm_ctp015_r01,ocs2_stepdown_9cm,9.0,0.15,1,False,False,,0.2809,0.2577,-0.0232,-0.0016,6.2808,False,False,False,short_duration
20260412_002912_ocs2_stepdown_9cm_ctp015_height_only_nominal_v1_contactflagbias_batch_9cm_ocs2_stepdown_9cm_ctp015_r02,/home/ho/ros2_ws/src/quadruped_ros2_control/evaluation/go2_terrain_eval/results/20260412_002912_ocs2_stepdown_9cm_ctp015_height_only_nominal_v1_contactflagbias_batch_9cm_ocs2_stepdown_9cm_ctp015_r02,ocs2_stepdown_9cm,9.0,0.15,2,False,False,,0.2805,0.3129,0.0323,-0.0549,4.6006,False,False,False,short_duration
20260412_002930_ocs2_stepdown_9cm_ctp015_height_only_nominal_v1_contactflagbias_batch_9cm_ocs2_stepdown_9cm_ctp015_r03,/home/ho/ros2_ws/src/quadruped_ros2_control/evaluation/go2_terrain_eval/results/20260412_002930_ocs2_stepdown_9cm_ctp015_height_only_nominal_v1_contactflagbias_batch_9cm_ocs2_stepdown_9cm_ctp015_r03,ocs2_stepdown_9cm,9.0,0.15,3,False,False,,-0.0,0.6249,0.6249,-0.2904,5.7807,False,False,False,short_duration
20260412_002948_ocs2_stepdown_9cm_ctp015_height_only_nominal_v1_contactflagbias_batch_9cm_ocs2_stepdown_9cm_ctp015_r04,/home/ho/ros2_ws/src/quadruped_ros2_control/evaluation/go2_terrain_eval/results/20260412_002948_ocs2_stepdown_9cm_ctp015_height_only_nominal_v1_contactflagbias_batch_9cm_ocs2_stepdown_9cm_ctp015_r04,ocs2_stepdown_9cm,9.0,0.15,4,True,False,,0.1616,0.1017,-0.0599,0.0195,22.0027,True,True,False,low_progress
20260412_003023_ocs2_stepdown_9cm_ctp015_height_only_nominal_v1_contactflagbias_batch_9cm_ocs2_stepdown_9cm_ctp015_r05,/home/ho/ros2_ws/src/quadruped_ros2_control/evaluation/go2_terrain_eval/results/20260412_003023_ocs2_stepdown_9cm_ctp015_height_only_nominal_v1_contactflagbias_batch_9cm_ocs2_stepdown_9cm_ctp015_r05,ocs2_stepdown_9cm,9.0,0.15,5,False,False,,0.2804,0.2449,-0.0355,-0.247,7.7208,False,False,False,short_duration
20260412_003044_ocs2_stepdown_9cm_ctp015_height_only_nominal_v1_contactflagbias_batch_9cm_ocs2_stepdown_9cm_ctp015_r06,/home/ho/ros2_ws/src/quadruped_ros2_control/evaluation/go2_terrain_eval/results/20260412_003044_ocs2_stepdown_9cm_ctp015_height_only_nominal_v1_contactflagbias_batch_9cm_ocs2_stepdown_9cm_ctp015_r06,ocs2_stepdown_9cm,9.0,0.15,6,False,False,,-0.0001,0.4867,0.4867,-0.635,6.4407,False,False,False,short_duration
20260412_003103_ocs2_stepdown_9cm_ctp015_height_only_nominal_v1_contactflagbias_batch_9cm_ocs2_stepdown_9cm_ctp015_r07,/home/ho/ros2_ws/src/quadruped_ros2_control/evaluation/go2_terrain_eval/results/20260412_003103_ocs2_stepdown_9cm_ctp015_height_only_nominal_v1_contactflagbias_batch_9cm_ocs2_stepdown_9cm_ctp015_r07,ocs2_stepdown_9cm,9.0,0.15,7,False,False,,0.0,0.4808,0.4808,-0.441,7.7006,False,False,False,short_duration
20260412_003124_ocs2_stepdown_9cm_ctp015_height_only_nominal_v1_contactflagbias_batch_9cm_ocs2_stepdown_9cm_ctp015_r08,/home/ho/ros2_ws/src/quadruped_ros2_control/evaluation/go2_terrain_eval/results/20260412_003124_ocs2_stepdown_9cm_ctp015_height_only_nominal_v1_contactflagbias_batch_9cm_ocs2_stepdown_9cm_ctp015_r08,ocs2_stepdown_9cm,9.0,0.15,8,False,False,,0.281,0.32,0.039,-0.1475,4.4605,False,False,False,short_duration
20260412_003141_ocs2_stepdown_9cm_ctp015_height_only_nominal_v1_contactflagbias_batch_9cm_ocs2_stepdown_9cm_ctp015_r09,/home/ho/ros2_ws/src/quadruped_ros2_control/evaluation/go2_terrain_eval/results/20260412_003141_ocs2_stepdown_9cm_ctp015_height_only_nominal_v1_contactflagbias_batch_9cm_ocs2_stepdown_9cm_ctp015_r09,ocs2_stepdown_9cm,9.0,0.15,9,True,False,,0.1652,0.101,-0.0642,0.0206,22.0033,True,True,False,low_progress
20260412_003216_ocs2_stepdown_9cm_ctp015_height_only_nominal_v1_contactflagbias_batch_9cm_ocs2_stepdown_9cm_ctp015_r10,/home/ho/ros2_ws/src/quadruped_ros2_control/evaluation/go2_terrain_eval/results/20260412_003216_ocs2_stepdown_9cm_ctp015_height_only_nominal_v1_contactflagbias_batch_9cm_ocs2_stepdown_9cm_ctp015_r10,ocs2_stepdown_9cm,9.0,0.15,10,False,False,,0.2826,0.3174,0.0348,-0.1744,4.9405,False,False,False,short_duration
